-- MySQL dump 10.13  Distrib 5.5.49, for debian-linux-gnu (x86_64)
--
-- Host: localhost    Database: wineTage1
-- ------------------------------------------------------
-- Server version	5.5.49-0ubuntu0.14.04.1

/*!40101 SET @OLD_CHARACTER_SET_CLIENT=@@CHARACTER_SET_CLIENT */;
/*!40101 SET @OLD_CHARACTER_SET_RESULTS=@@CHARACTER_SET_RESULTS */;
/*!40101 SET @OLD_COLLATION_CONNECTION=@@COLLATION_CONNECTION */;
/*!40101 SET NAMES utf8 */;
/*!40103 SET @OLD_TIME_ZONE=@@TIME_ZONE */;
/*!40103 SET TIME_ZONE='+00:00' */;
/*!40014 SET @OLD_UNIQUE_CHECKS=@@UNIQUE_CHECKS, UNIQUE_CHECKS=0 */;
/*!40014 SET @OLD_FOREIGN_KEY_CHECKS=@@FOREIGN_KEY_CHECKS, FOREIGN_KEY_CHECKS=0 */;
/*!40101 SET @OLD_SQL_MODE=@@SQL_MODE, SQL_MODE='NO_AUTO_VALUE_ON_ZERO' */;
/*!40111 SET @OLD_SQL_NOTES=@@SQL_NOTES, SQL_NOTES=0 */;

--
-- Table structure for table `bottle_open_history`
--

DROP TABLE IF EXISTS `bottle_open_history`;
/*!40101 SET @saved_cs_client     = @@character_set_client */;
/*!40101 SET character_set_client = utf8 */;
CREATE TABLE `bottle_open_history` (
  `wine_id` int(10) NOT NULL DEFAULT '0',
  `user_id` int(10) NOT NULL DEFAULT '0',
  `time_stamp` int(10) NOT NULL DEFAULT '0',
  `city_name` char(20) DEFAULT NULL,
  `date` char(12) DEFAULT NULL,
  `time` char(12) DEFAULT NULL,
  `tag_id` varchar(255) DEFAULT NULL,
  `country_name` tinytext,
  KEY `user_id` (`user_id`),
  KEY `tag_id` (`tag_id`)
) ENGINE=InnoDB DEFAULT CHARSET=latin1;
/*!40101 SET character_set_client = @saved_cs_client */;

--
-- Dumping data for table `bottle_open_history`
--

LOCK TABLES `bottle_open_history` WRITE;
/*!40000 ALTER TABLE `bottle_open_history` DISABLE KEYS */;
INSERT INTO `bottle_open_history` VALUES (1,2,1468778848,'Wuhan, China','2016-07-07','16:27',NULL,NULL),(1,2,1470891958,'Beijing','Aug.10','10:6 PM',NULL,NULL),(1,2,1471404040,'','Aug.16','8:21 PM',NULL,NULL),(1,2,1471405312,'','Aug.16','8:42 PM',NULL,NULL),(1,15,1477183407,'Sunnyvale','2016/10/22','5:45 PM','045E5C22124A80','US'),(2,2,1470614139,'Beijing','Aug.7','4:56 PM',NULL,NULL),(2,2,1471133465,'Beijing','Aug.13','5:11 PM',NULL,NULL),(2,2,1471329273,'Sunnyvale, US','Aug.15','11:35 PM',NULL,NULL),(2,2,1471329315,'Sunnyvale, US','Aug.15','11:36 PM',NULL,NULL),(2,2,1471331081,'Sunnyvale, US','Aug.16','12:5 AM',NULL,NULL),(2,2,1471331116,'Sunnyvale, US','Aug.16','12:6 AM',NULL,NULL),(2,2,1471332128,'Sunnyvale, US','Aug.16','12:22 AM',NULL,NULL),(2,2,1471582259,'Sunnyvale, US','Aug.18','9:51 PM',NULL,NULL),(2,2,1471582858,'Sunnyvale, US','Aug.18','10:1 PM',NULL,NULL),(2,2,1471583162,'Sunnyvale, US','Aug.18','10:6 PM',NULL,NULL),(2,2,1471583649,'Sunnyvale, US','Aug.18','10:15 PM',NULL,NULL),(2,2,1471837761,'Sunnyvale','Aug.21','8:50 PM','04D736EA794D80','US'),(2,2,1475449454,'Menlo Park','2016/10/02','4:5 PM','04ED230AF04980','US'),(2,2,1481094420,'Sunnyvale','2016/12/06','11:09 PM','04DBEB0A6E4D80','US'),(2,3,1470891351,'Beijing','Aug.11','12:56 AM',NULL,NULL),(2,3,1471017818,'Beijing','Aug.13','12:4 AM',NULL,NULL),(3,2,1470624763,'Beijing','Aug.7','7:53 PM',NULL,NULL),(3,2,1470886680,'Beijing','Aug.10','8:38 PM',NULL,NULL),(3,2,1470977604,'Beijing','Aug.11','9:54 PM',NULL,NULL),(3,2,1470987323,'Beijing','Aug.12','12:36 AM',NULL,NULL),(3,2,1470988589,'Beijing','Aug.12','12:57 AM',NULL,NULL),(3,2,1471403793,'','Aug.16','8:17 PM',NULL,NULL),(3,2,1471404238,'','Aug.16','8:24 PM',NULL,NULL),(3,2,1471404317,'','Aug.16','8:26 PM',NULL,NULL),(3,2,1471405436,'','Aug.16','8:44 PM',NULL,NULL),(3,2,1471582711,'Sunnyvale, US','Aug.18','9:59 PM',NULL,NULL),(3,2,1471587293,'Sunnyvale, US','Aug.18','11:15 PM',NULL,NULL),(3,2,1475733987,'Burlingame','2016/10/06','2:07 AM','044D36EA794D81','US'),(3,3,1471017830,'Beijing','Aug.13','12:4 AM',NULL,NULL),(3,3,1481249441,'San Jose','2016/12/09','2:12 AM','041EEB0A6E4D81','US'),(4,2,1470625108,'Beijing','Aug.7','7:59 PM',NULL,NULL),(4,3,1470890970,'Beijing','Aug.11','12:50 AM',NULL,NULL),(4,3,1471017860,'Beijing','Aug.13','12:5 AM',NULL,NULL),(1,2,1481408864,'Sunnyvale, US','2016/12/10','2:29 PM','0408EB0A6E4D81','US'),(1,3,1481489390,'Sunnyvale, US','2016/12/11','0:51 PM','0499EB0A6E4D80','US'),(3,3,1481490079,'Sunnyvale, US','2016/12/11','1:03 PM','045EEA0A6E4D80','US'),(1,12,1481615410,'Greta, AU','2016/12/13','6:52 PM','0483EB0A6E4D80','AU'),(1,3,1481671104,'Greta, AU','2016/12/14','10:20 AM','046EEB0A6E4D80','AU'),(3,3,1481680318,'Greta, AU','2016/12/14','0:54 PM','046DEB0A6E4D80','AU'),(2,3,1482356440,'Venice, US','2016/12/21','1:42 PM','0441EA0A6E4D80','US'),(1,3,1482803233,'Sunnyvale, US','2016/12/26','5:49 PM','0408EB0A6E4D81','US'),(3,3,1483423949,'','2017/1/02','10:14 PM','0458EB0A6E4D80',''),(3,3,1483424113,'','2017/1/02','10:17 PM','0458EB0A6E4D80',''),(1,9,1484209895,'???, CN','2017/1/12','4:33 PM','042FD1EAC94881','CN');
/*!40000 ALTER TABLE `bottle_open_history` ENABLE KEYS */;
UNLOCK TABLES;

--
-- Table structure for table `content_info`
--

DROP TABLE IF EXISTS `content_info`;
/*!40101 SET @saved_cs_client     = @@character_set_client */;
/*!40101 SET character_set_client = utf8 */;
CREATE TABLE `content_info` (
  `id` int(10) unsigned NOT NULL AUTO_INCREMENT,
  `content_id` int(11) NOT NULL,
  `title` varchar(100) NOT NULL DEFAULT '',
  `brief_text` varchar(200) NOT NULL DEFAULT '',
  `expand_url` varchar(200) NOT NULL DEFAULT '',
  PRIMARY KEY (`id`),
  KEY `content_id` (`content_id`)
) ENGINE=InnoDB AUTO_INCREMENT=3 DEFAULT CHARSET=latin1;
/*!40101 SET character_set_client = @saved_cs_client */;

--
-- Dumping data for table `content_info`
--

LOCK TABLES `content_info` WRITE;
/*!40000 ALTER TABLE `content_info` DISABLE KEYS */;
INSERT INTO `content_info` VALUES (1,1,'Our Story','Tamburlaine is Australia\'s largest producer of organic wines, although not a large ','http://54.67.111.151/pics/winery_info_pics/1_Tamburlaine/pics/content/OurStoryEnglish.htm'),(2,1,'Our Organic Approach','Our approach, we describe as `contemporary organics`, applies modern best practice in vineyard management. Our organic wines come from organically managed vineyards','http://54.67.111.151/pics/winery_info_pics/1_Tamburlaine/pics/content/Organic_English.htm');
/*!40000 ALTER TABLE `content_info` ENABLE KEYS */;
UNLOCK TABLES;

--
-- Table structure for table `content_info_Chinese`
--

DROP TABLE IF EXISTS `content_info_Chinese`;
/*!40101 SET @saved_cs_client     = @@character_set_client */;
/*!40101 SET character_set_client = utf8 */;
CREATE TABLE `content_info_Chinese` (
  `id` int(10) unsigned NOT NULL AUTO_INCREMENT,
  `content_id` int(11) NOT NULL,
  `title` varchar(100) NOT NULL DEFAULT '',
  `brief_text` varchar(200) NOT NULL DEFAULT '',
  `expand_url` varchar(200) NOT NULL DEFAULT '',
  PRIMARY KEY (`id`),
  KEY `content_id` (`content_id`)
) ENGINE=InnoDB AUTO_INCREMENT=3 DEFAULT CHARSET=utf8;
/*!40101 SET character_set_client = @saved_cs_client */;

--
-- Dumping data for table `content_info_Chinese`
--

LOCK TABLES `content_info_Chinese` WRITE;
/*!40000 ALTER TABLE `content_info_Chinese` DISABLE KEYS */;
INSERT INTO `content_info_Chinese` VALUES (1,1,'帖木儿酒庄','帖木儿酒庄是获得澳大利亚有机种植及生产协会认证的酒庄，是精品葡萄酒业中有机种植和生产的先驱 ','http://54.67.111.151/pics/winery_info_pics/1_Tamburlaine/pics/content/OurStoryEnglish.htm'),(2,1,'有机种植方法','我们的方法，称之为“现代有机种植”，使用了现代葡萄园管理中最优的实践方法。我们的有机葡萄酒来自有机管理的葡萄园','http://54.67.111.151/pics/winery_info_pics/1_Tamburlaine/pics/content/Organic_English.htm');
/*!40000 ALTER TABLE `content_info_Chinese` ENABLE KEYS */;
UNLOCK TABLES;

--
-- Table structure for table `gallery_photos`
--

DROP TABLE IF EXISTS `gallery_photos`;
/*!40101 SET @saved_cs_client     = @@character_set_client */;
/*!40101 SET character_set_client = utf8 */;
CREATE TABLE `gallery_photos` (
  `id` int(10) unsigned NOT NULL AUTO_INCREMENT,
  `gallery_id` int(11) NOT NULL,
  `photo_title` varchar(100) NOT NULL DEFAULT '',
  `photo_url` varchar(200) NOT NULL DEFAULT '',
  `time_created` int(11) DEFAULT '0',
  `time_updated` int(11) DEFAULT '0',
  PRIMARY KEY (`id`),
  KEY `gallery_id` (`gallery_id`)
) ENGINE=InnoDB AUTO_INCREMENT=4 DEFAULT CHARSET=latin1;
/*!40101 SET character_set_client = @saved_cs_client */;

--
-- Dumping data for table `gallery_photos`
--

LOCK TABLES `gallery_photos` WRITE;
/*!40000 ALTER TABLE `gallery_photos` DISABLE KEYS */;
INSERT INTO `gallery_photos` VALUES (1,1,'Tamburlaine Pic 1','http://54.67.111.151/pics/winery_info_pics/1_Tamburlaine/pics/pic1.jpg',0,0),(2,1,'Tamburlaine Pic 2','http://54.67.111.151/pics/winery_info_pics/1_Tamburlaine/pics/pic2.jpg',0,0),(3,1,'Tamburlaine Pic 3','http://54.67.111.151/pics/winery_info_pics/1_Tamburlaine/pics/pic3.jpg',0,0);
/*!40000 ALTER TABLE `gallery_photos` ENABLE KEYS */;
UNLOCK TABLES;

--
-- Table structure for table `qr_code`
--

DROP TABLE IF EXISTS `qr_code`;
/*!40101 SET @saved_cs_client     = @@character_set_client */;
/*!40101 SET character_set_client = utf8 */;
CREATE TABLE `qr_code` (
  `id` int(10) unsigned NOT NULL AUTO_INCREMENT,
  `code` char(100) NOT NULL,
  `is_used` tinyint(4) NOT NULL DEFAULT '0',
  `time_created` int(11) DEFAULT '0',
  `time_used` int(11) DEFAULT '0',
  PRIMARY KEY (`id`),
  UNIQUE KEY `qr_code` (`code`)
) ENGINE=InnoDB AUTO_INCREMENT=908 DEFAULT CHARSET=utf8;
/*!40101 SET character_set_client = @saved_cs_client */;

--
-- Dumping data for table `qr_code`
--

LOCK TABLES `qr_code` WRITE;
/*!40000 ALTER TABLE `qr_code` DISABLE KEYS */;
INSERT INTO `qr_code` VALUES (258,'a2654430053970a2983d7a4d17eaa6be538f874ae02a80fc517e5ca5c302c089\r\n',0,1483505677,0),(259,'9d9701665ed57bd21945520f940e58e6b4e18eda778b674c3633d258b9b46b20\r\n',0,1483505677,0),(260,'27f192996cc0d3daa6d6a02e1c5f8890bee423b667378fbc0f8fb226e173c9d4\r\n',0,1483505677,0),(261,'d1a336987f7173be4f749fa885e89e7134cbfdf37dc3668d34c29d99a6b4addf\r\n',0,1483505677,0),(262,'aca74e09d73aeed94ccd9e2b8ed4d5016564d9088bb2dbeb8dcbaa001ae4d50f\r\n',0,1483505677,0),(263,'1cc500329b8e3fed5e386917da0af231ad8b65a108754ddc56bbf3f6c2f51ec1\r\n',0,1483505677,0),(264,'22b377e6e280f42d585872ff955b9bcb6e99ef860f77a8e69899ca1fee6bed13\r\n',0,1483505677,0),(265,'c54cb0bb19d60803a9c24f532559fca1507cb487e81e6d4613af8a2c8fb77692\r\n',0,1483505677,0),(266,'6dd3f0da92221c25357860d1c9fc88346fe2bac455f6204df8e8b06ab4823072\r\n',0,1483505677,0),(267,'c48dade0ec8182506d131fdef9c29243092a381f88acf44a5e159f42ddab392b\r\n',0,1483505677,0),(268,'2fb45d8608ac51d167f3b2352a98f5cda86e7758d13f1a183ba5b78a91868cae\r\n',0,1483505677,0),(269,'3ace42c067141a6497852b606124e9024713216bd3a1bac205d793c21885cd95\r\n',0,1483505677,0),(270,'b1740deac2ee815f4b10514d8c37cd42155e3cf58f8b9dda7b3184e9a2c7f48e\r\n',0,1483505677,0),(271,'f35248f23f6ef87df794d87aa148fe8660301062d2e51c132a9124581c07af3e\r\n',0,1483505677,0),(272,'170e58fbc6167c0837fdebb8d0ba07a61ae14c22f0ff46615da54e52b8113860\r\n',0,1483505677,0),(273,'235408480bca102b176190ff777725978c15ef233975024c246143df90a83269\r\n',0,1483505677,0),(274,'df8181f31bfe40bf8d9b5df5d7e84b7c12d3dfd99b8125273407198f6f8d86e5\r\n',0,1483505677,0),(275,'10ff25ed3396a6bec645827a095e6643aef2a8d9ca1b059ef19bcdf1c20ac443\r\n',0,1483505677,0),(276,'232700c9074dd6da2cdefad4c6e2643b5028844404a39de3b1c787591c0a4ec3\r\n',0,1483505677,0),(277,'d5d7496f8f141af367baa28ba77207168bc133d80341dbc5b0075c3f0a9030bc\r\n',0,1483505677,0),(278,'6fa78c152da7e3030b07545674c37bac2ad92aa8a77af05af425340b653f833e\r\n',0,1483505677,0),(279,'93174a5e307918f9df1aafac09e7c5e4dac19309c8f98ebe2d34153f510cd19b\r\n',0,1483505677,0),(280,'514ba639c846e4344262517f0846aeadaa828566f8735bea2493eab8b7deaf2c\r\n',0,1483505677,0),(281,'1e9146249dadce8f37b2e8553abd3428c4ec68eee0e87a34df128c52584abefc\r\n',0,1483505677,0),(282,'bcfed28007611ec5734d797b9fd387a831ccd77b8351c47412931fa1d54cdfce\r\n',0,1483505677,0),(283,'1d2f3afb211b7f30cd4f6fc390fd162b55a908e09943d97d05c77179e0450cd5\r\n',0,1483505677,0),(284,'f0ccc824383ab3b6746af06b2d4429bff5512a277fe5a8bdafa76ceb945a52fc\r\n',0,1483505677,0),(285,'13a1f7e09b487a61babc5756591b1ba7b83aa4048b36feeb364774c1789b8aaa\r\n',0,1483505677,0),(286,'6ad892041efd4fadcb550babab3f58d2d324a5ceb677e48e0bd46f9cc3e79139\r\n',0,1483505677,0),(287,'dccd18c109f97803798fb7637ac09bac3554e4c448608364cc896c9a07bb28da\r\n',0,1483505677,0),(288,'b3fd9e32a6b2cb8f8bac06e202e46c4c117a9b04333bf2c33b24926affec8611\r\n',0,1483505677,0),(289,'042b594bd444f973ea365a06016502084186371e605bc7e80f3bba1ef1e4a7d0\r\n',0,1483505677,0),(290,'e4474611b1d93f2f13debc314ca0b7738f3e6fcb34d1876dc1aef58d7372bcf2\r\n',0,1483505677,0),(291,'7c0cdb02bf6867d56d7d9cc8a07ccdfcd3f1ca5c05bf413f35d58028b0112b50\r\n',0,1483505677,0),(292,'982f4b4b77f0d256bf56631c0c48d46f4afd722bbbd44b612cb9459dbb903d2d\r\n',0,1483505677,0),(293,'b71957362cecdb77dd20ed6ad9a98f582ab7e60ed6d5cb52c21774a364093421\r\n',0,1483505677,0),(294,'bc66afb26c94eea24c87ccf026d656a5bb74ae2a2326acdc15da6e1ac6bb8dff\r\n',0,1483505677,0),(295,'15f32ed991a952af5ae5e5b6005032212e612009ef2c54dc2da0455639cdf0d8\r\n',0,1483505677,0),(296,'5cf6286f5f1721dc33b39ab25a64ec7386415ce30997b2a2b30f43bd092ed40e\r\n',0,1483505677,0),(297,'49d62b3c22e9ef0ff05b6ea2d14dae8389948a837a641bd6e8b1dd090906f41f\r\n',0,1483505677,0),(298,'6701c4764558ac77ec59e341d309b82083f275eee6f90cf46756f12201f8f350\r\n',0,1483505677,0),(299,'5ee80f2a31196a8a535e80cc92adfa192eb739193a244e2bf09939471926d964\r\n',0,1483505677,0),(300,'3813af1b23c6bac1ee25821e740c60f468c25bf5d3b390a6238ba90465f778e4\r\n',0,1483505677,0),(301,'a36159b65e5ea514ddd3387b528a0a48122afa4991ade54342ccca68b2b40aaf\r\n',0,1483505677,0),(302,'2e8910da07f70c4290783c05480f8667368cf4cd094676bcc15ffe2322b69d03\r\n',0,1483505677,0),(303,'0d3accba53d8d5798029b7617082f70e8bd0c61f96c805b192a5f0b094fe8863\r\n',0,1483505677,0),(304,'82e9b8959654be1c139c0f6dadc94d2510325bd64bf6bbdda1c1dc90b7689dfd\r\n',0,1483505677,0),(305,'5f3d8099624def733db22979d40f02575c85aa0ccbc7b54ee0e6e7ad258a18e2\r\n',0,1483505677,0),(306,'950969d3b34f09acffd74ae44ca397f90775473e808f69688aedf407c13859a6\r\n',0,1483505677,0),(307,'c9390bab67f4e2b17b27f1d78f90d0d069a1601f11af088da3327753ebb3c85a\r\n',0,1483505677,0),(308,'f4aff653bf623b9b42773b6d6e6460b03b9a216e245bfa92e0e8b2cca1432314\r\n',0,1483505677,0),(309,'ad428975f5a7e1a23e41408d8bd27c22aa5d0629cac5e90531394b8fed5b4a4f\r\n',0,1483505677,0),(310,'beb30b2616bce7c83f3dfc3ab3d4a3226edbb29ee2058fb17c44fca296d884b7\r\n',0,1483505677,0),(311,'235da22308ac75d2446a7fdf86e23abdc47926d3990cdbf06805be9e9ed6472e\r\n',0,1483505677,0),(312,'26b42f7b1f49ddc2c08c2eabeeec84c5ac6e759946a0b40c78d0e7406b856809\r\n',0,1483505677,0),(313,'50aa7c13cf0b92d9b5bb0056a8af337fd8ecd5e1d0dbdc17d654c425cbd30143\r\n',0,1483505677,0),(314,'dcb0ed6dbb9ac414b1dff62e6100c37672d534ee2d8ac70b175f53eae9dee569\r\n',0,1483505677,0),(315,'1426f0c098faef52b3ff5892324588b0809381fefb054f6e30267321ace27762\r\n',0,1483505677,0),(316,'48b0c57dfe0ec4241bbe7faa241fd77c9b145b47317cda176fe7da528d54e127\r\n',0,1483505677,0),(317,'9d3900f62392b12eb50e59dc49986d756eb50ead6a1fc6995877694250ff1788\r\n',0,1483505677,0),(318,'015d92a29b36d093a853a37c9e8a760c29b579e663af7211bb4741b07182580d\r\n',0,1483505677,0),(319,'4bdb3c90b30f061e58ea552982934586e736b5b94f3f1cf85b5684a031c91975\r\n',0,1483505677,0),(320,'ac8df3b1b4e820e7d4fcdd1308c3cad8dde6a45e676390c80b946250a04bd922\r\n',0,1483505677,0),(321,'6cdc99b8068b0e86e2da2a6513684401579f2c27fa16a0a463c19ee0f164c2b1\r\n',0,1483505677,0),(322,'e6b05c439ce1656ef1e4f4787e624234214ae3e3d531debe0ca1f1f3580689fd\r\n',0,1483505677,0),(323,'ddf7d234d378fdb185ebc8996e07bcab0be912d7e59ce9949d4758d65b2888dc\r\n',0,1483505677,0),(324,'f792d224c8a8b0864ad00fc3654e8a25d4614f59d59ba919d48a4ee6244547a8\r\n',0,1483505677,0),(325,'e4b1097fb5a58a04462d9259ab5f9e69189adf5168b88252faeac78b4087b909\r\n',0,1483505677,0),(326,'2ae9deeb9cf83962dd063492ae8bb7c82fea570df73eb503347f0b85ae919475\r\n',0,1483505677,0),(327,'248dddac3d28794cdb4f5f8f03f4d7df6c0627f4e3c67b3731a926bf373a0ae6\r\n',0,1483505677,0),(328,'249b693099c147c8970cde1823655e840b146bc80b43d832a2035bdafc7303a7\r\n',0,1483505677,0),(329,'76c37f94c32cd605feb2c5a8f4422fb5dea5dc7ed6a83c6215d9e7e965d94c76\r\n',0,1483505677,0),(330,'15469d4282768596ed40ef5850fd0f3a3e811ca72fe525d0ad00ac30b7805348\r\n',0,1483505677,0),(331,'c84ee6578e9908fbaf619758c7523f7e032192bd4203d9540a320c4c2a8d90a9\r\n',0,1483505677,0),(332,'7d3a0fd8043003c8cb4a25b6efbbb375a7ad387c5a5623e66fc181c77df7559c\r\n',0,1483505677,0),(333,'afc19db6a75bb266cf915942871b53f9f8967a85458c514c5bcdd94ac462b7c5\r\n',0,1483505677,0),(334,'07c27a7a261bb93aac5bc27486ef63e260c77d50a07ca8dd29d6ffabc92ee5b9\r\n',0,1483505677,0),(335,'4bbde3e7737449c7405f4ebb03184ab5408555a274a40bf536ae75dac98a4cb3\r\n',0,1483505677,0),(336,'6f52184ad25e92cb06cb0479155759a243842cbb9e12ba52c414a7e105f9673a\r\n',0,1483505677,0),(337,'191d506be542bfb2615c1b043e957fa6ae3c1a598481d7a76dfb42eeff39365b\r\n',0,1483505677,0),(338,'8c0c3c57ce1ac84804bf1abcd4c2409eaffd9e9d09a8a5d73d35b700db1555eb\r\n',0,1483505678,0),(339,'5ab0aa160ab46d2fba20c57e2a93870f9e94389b6e48f53018d99767169dfabc\r\n',0,1483505678,0),(340,'13901292c8f015f257675d3fb091cd0ae631b1ae1755157cc8dc50ab1bd2b541\r\n',0,1483505678,0),(341,'7e9383d6fc4b3f768ddc692d32fba665695cdb0f149080391cb8564252301500\r\n',0,1483505678,0),(342,'27ed1184ad3e5cf601756f1e7ed95ee1e77d6bd9be4c416fa72ae9fbd23b4e04\r\n',0,1483505678,0),(343,'85c373b3394b018ce11a3d03ad5d93bcf4fde5bd37df043b3787c3555d5859e3\r\n',0,1483505678,0),(344,'f11ab0690be49cfe6a6598b64f82da88476ad69a69d6a9c6035812f027319824\r\n',0,1483505678,0),(345,'05c9e64b4d2c3c344d1e9150e17a0766e5dac60d8c0935fae74efa49a296bf55\r\n',0,1483505678,0),(346,'0ef4fe8c6ffec6282e3d7b6b32f284e3db78288312201db8f4ff482e36d3ec1b\r\n',0,1483505678,0),(347,'8e861451913bf10c83fb36335ae3ad8e74fb51a6f81a9e785584e3a6ee5040a6\r\n',0,1483505678,0),(348,'4944f811c49f2d8ddfdc72a09bbcad92dd3959be3456990f5a0651c693effb99\r\n',0,1483505678,0),(349,'501ef1a6a9624b87b4cf305ecc2152ffcd202164e238959323fb3a9b620ea82b\r\n',0,1483505678,0),(350,'ee001e851bb160da94f3dd9e1f64a0931447d9cd0348be9e8535f3186f48c78f\r\n',0,1483505678,0),(351,'238bf6268ae1a34258f78d98fa2030e02c8893a7fea7eb892190d6729c022167\r\n',0,1483505678,0),(352,'ba47031b8e00076d5a0859dbde14de4ec3f09c419303f3aae26cfe4d880a1c6e\r\n',0,1483505678,0),(353,'5c722f4bc186efecba9c26bbb51e566304cc4b2f706e30f4ed7099df90a2631e\r\n',0,1483505678,0),(354,'31f2c871bfcd77ded6d7ad591cc15d321de1e074d1dcd5931763b2b74da4642a\r\n',0,1483505678,0),(355,'f546432dd14baf722b0b7597d45aebcb0c71235c67abf12341be5d791103e290\r\n',0,1483505678,0),(356,'0c78be90ead167dea698e522814f56464a507f8b391ada6be85742c9d0686518\r\n',0,1483505678,0),(357,'4704dceac9c9ca5e75519b4cbe46b019d38c35c9a3a7bdcf06e239a1b8194ace\r\n',0,1483505678,0),(358,'2227f52317cf2b7945504f8cddbdbd42913af3a1aa7d29582abcc2a2b2334fdb\r\n',0,1483505678,0),(359,'682b46ba1224ba44b84c6d84f70d55660f093a8fbdf2d23a6adf37deccbb1913\r\n',0,1483505678,0),(360,'b8c44eb4b59b5c6b747accf9b285c3df0a08bfa1defb3148dda06ef4c317772d\r\n',0,1483505678,0),(361,'cfef08818372ea1656b4d691a08aa9da8d1c753bc9585bf36e0ab184e87841ba\r\n',0,1483505678,0),(362,'6a6a2f35f94ba1dec28e408f14c8822e0539353dc17f0b3bc29e963ff3d97321\r\n',0,1483505678,0),(363,'1d6a4c0d1318fa05ce00704b674a2cb864bb19c8eb42956214ba6b0bafbe3850\r\n',0,1483505678,0),(364,'ab641456232339070a5039fc0d6b2b50504dc45a83daf174550f962e3b290fbb\r\n',0,1483505678,0),(365,'ecafb152d946d072035b268a1e7ca39ae60d07f4afa7afbba1c7856b819b3423\r\n',0,1483505678,0),(366,'ce230a4bf0e726aec186f4560fe8429b32f6dae5f3370de92696548a853c8a14\r\n',0,1483505678,0),(367,'d62c0aedbcdf20cadb8e28109a72c32793be2bbaf9aa524c578efc1a62fb0013\r\n',0,1483505678,0),(368,'b402821cdaadf152b536eeca58447019b0db9789841ae2df250b846d8287a893\r\n',0,1483505678,0),(369,'5725fe729fdd84bd7f0ba07e139cf100e88ae82f561c5b81630819eafdd72c21\r\n',0,1483505678,0),(370,'73ec1bcf11a55ca0a176d6dcf1754ef2c3fb3937c58af3f6a28e43c12bfa37ba\r\n',0,1483505678,0),(371,'d930c0c5f5271451b53e4429504777fda7826ac1f598d9017e94c7bc5672d09a\r\n',0,1483505678,0),(372,'23c5c27d68666ea4d0de2e6ee38a202b95b385eb8f1b8d9c9e45d93b30f0ffa6\r\n',0,1483505678,0),(373,'f383d80065b81554236a8eecc0a16c7df24cd7e7a8d0defe5473b3f2d533c055\r\n',0,1483505678,0),(374,'315908e90ca654cbfd2c5f8fdff27d203c42f5ab4095662e3ec2f2172a9cd3d5\r\n',0,1483505678,0),(375,'3fdb6d5b6d508ddc8de76c175e3875e9ad0c636aa3f9f2bc6ec1d352b150edae\r\n',0,1483505678,0),(376,'361d58fccdf37a69055fd64a67b11fd3becd55d8ad507e39995db4f4209e9dd3\r\n',0,1483505678,0),(377,'5e5cae754b0f066800f006eb471c02a9d0cbfa349f7d1205674936317ab43b14\r\n',0,1483505678,0),(378,'35f9a21387f8da13263b93287d9893b9dcc2f661d7c21b6a2ef236f01d581eca\r\n',0,1483505678,0),(379,'be12e4d9bbf81e8c3985e097c8e5202b0cc380f859d3613438bbe11eccde4023\r\n',0,1483505678,0),(380,'cb377d1b857417e1e8b35c9712024de098b7a29a84db132b152fd62906e0b97a\r\n',0,1483505678,0),(381,'202aab781cb9da2f6bc92bab7c4809f05955884c9582be217d5de7f1a6a841f7\r\n',0,1483505678,0),(382,'421cb3cd2d08c3388f25b7f0eedf0fb56607b171057ffb01758f0755e9da8cfd\r\n',0,1483505678,0),(383,'89bd89e4d59a28d3ff5f334273e4cd426cf04f906de648353f7c6f610f6d9cf1\r\n',0,1483505678,0),(384,'0e3c9e74dd8cd40f80cce4be272d8140cb19040e54c24d8c30a7590d6bf90848\r\n',0,1483505678,0),(385,'d7966e74ba313233aa33d199a631a0fde6a39f414ecaf28138218f4da613ebf9\r\n',0,1483505678,0),(386,'cac11df9407ef4966e3937938ec3a1a61cdb1764dea41b1e2de8fef317df42a2\r\n',0,1483505678,0),(387,'fe354ad2e3cec554139894fa7c59cfc5e91c96a18c0b25089cd97b631553842c\r\n',0,1483505678,0),(388,'8a9ae72f11f0472f792e5eafc25f2efe230bd3509cf48bc5f4d7847a79902f05\r\n',0,1483505678,0),(389,'7da0449c25c3b37a0c90dd51967c1aa1cce44c29526fa638ce8d52974c117ac3\r\n',0,1483505678,0),(390,'302d0488691ff2c2938314a8582f51271e0aa2785e1a948ec9304198d184c34f\r\n',0,1483505678,0),(391,'9481d39e571fee47e8878ceba02167bb9f563962727e9d8a53f8cd885a233bf3\r\n',0,1483505678,0),(392,'a5885caf6a3891e7df754f8d2450f3bd1d8526cabb2d91d99a7b4cf0e4d3794d\r\n',0,1483505678,0),(393,'a74a77ba2fa43aaa8175e1e96e66490f212626b0e4cb10dd6f34f96699709077\r\n',0,1483505678,0),(394,'12e04cff1156464542fb82a181e6fc9a938990a00d50afeed3699d9b50be0a85\r\n',0,1483505678,0),(395,'96f494a0046557b6097b02a5eb29bf2554d1315d158aeea5b47514870fa818e9\r\n',0,1483505678,0),(396,'86fe26f55183c0420b1bdb70f7904a8d29dcdccabe06ae16df8708fce1de0aa1\r\n',0,1483505678,0),(397,'14f801ec12624fa99ec16aa985148fdf79d6037ae951ee5882d8910ab1ffc52d\r\n',0,1483505678,0),(398,'309ac796922ec6a313bf25e74eab59a1340b750c6e8b50cde50fe8823e9d828f\r\n',0,1483505678,0),(399,'21a8bc5e56832cb89a4a09de066becc691a714c0f1a2e8eb61a3157f95dcfcdc\r\n',0,1483505678,0),(400,'83da97a64f561789b112b911ed3a3e8c8e497039fec27cfac946eda6eecdbffe\r\n',0,1483505678,0),(401,'f12be888cfc0a61445f1041f8811a2845d044a3b7ee7a7115f0c8741d897b262\r\n',0,1483505678,0),(402,'dce4f378ae20cbb8f9cda0f30148d8da092fe65412c59e6ff80baf77309eb477\r\n',0,1483505678,0),(403,'251ef5a1463d44b22459d03d0303732c67ffaf389341bd93902155d676b31ed3\r\n',0,1483505678,0),(404,'c5016cf24698999ccfcc743af147ceb4dc35832a982dc78bc3d56c07b0f02698\r\n',0,1483505678,0),(405,'334728a1b5a750afea942d1d27d17cc30fbf2219209bcaf277979e3bde3c6f8b\r\n',0,1483505678,0),(406,'e196af75b9684d6760296efa4bfa66b7dd5bf6e10679b71524e85ff3bc777516\r\n',0,1483505678,0),(407,'63b045198080ae21f5d27444ca3d6751b442a81ceed7be4059bc56168e233673\r\n',0,1483505678,0),(408,'45868502fa3b08b47dc3aa85f24ba4ffe5af1c1b29c7975670c8ff23d0acab27\r\n',0,1483505678,0),(409,'3fb2022eb603273589567cec0ca5bcf6cc060c2aa854ad5d630bf32b167a91a1\r\n',0,1483505678,0),(410,'da1cb4c5202bf966f0d1b18b4c7dd1845500949f5b91ab39def9c03d46a0db6e\r\n',0,1483505678,0),(411,'c94658263d39fd6649a04b09979799912a2d3d0a7451f1c5bc31986533adf016\r\n',0,1483505678,0),(412,'d32953f590b8d46e9ca1f3d8e43847eed75d0e4126fd9fd3fd31f740e849a545\r\n',0,1483505678,0),(413,'928f71da441cc263ecae48ed7000b3f7e63c7a9087132dd3c82e390d9b08eac6\r\n',0,1483505678,0),(414,'99c69ddff53c1b5a36ec958baa0c553fd20f5b811b26e77dce29e452e1430043\r\n',0,1483505678,0),(415,'4063ec574d30a3f94560cf7cb94e5b471aca8f3998f52b38788b5bc363664596\r\n',0,1483505678,0),(416,'43a32b43d48d4179453109ce67ea75ca57a0eb7c9b99f4cb4723ddec1e66ed72\r\n',0,1483505678,0),(417,'d5b9a4c5d0860fc3a3060603ea7507298b23a37fd48d9c99047b0f4415165c23\r\n',0,1483505678,0),(418,'69d2619516bec5ad5d2bcfe4a60da5da72943cd42d820c48b583d4be5170b4a3\r\n',0,1483505678,0),(419,'543bc8ce2638af436b2470f726b678d8b287bd98075ef00e8332ed4f553f2994\r\n',0,1483505678,0),(420,'0b56543febc264db38887a4e9de31a5d12d8e65af102167eebb037d3f07fafad\r\n',0,1483505678,0),(421,'8010900d3a9769264afd115130cb1ab4f18246314fb06f08d760b537972a79f5\r\n',0,1483505678,0),(422,'a9104b6a6f58b70a280fe755cb19b497e38f97ecaebfabc75d16dd6508d01bbb\r\n',0,1483505678,0),(423,'3a5ce28e14971b699c81f3985e5402c0fdd369d42e2ed3032cc0dc77e5592ed2\r\n',0,1483505678,0),(424,'c5d0ec2323b53d632d5f038f3633d5b5e502e2f60e7b0d9081f64ff17a28baac\r\n',0,1483505678,0),(425,'f88228d6fbcafe88d1553edbca2aa074299065bd02fc2a9491680b44b6238fa0\r\n',0,1483505678,0),(426,'e09c3dc4e1acc8982657599653fbbb3dadccf1ef50999a4ce328850647608817\r\n',0,1483505678,0),(427,'99d45a656494fd023646274695a523f82fd2920131edda900ca88711caba1810\r\n',0,1483505678,0),(428,'c7a1ae37a240551a12bbb0c0fcb5b867f76ea10bb5afbbdf213adbe603d46f20\r\n',0,1483505678,0),(429,'a35612794617c0c1c9c0a00374f8e817e9aa0b1d7358d25f3160d96f700ad28d\r\n',0,1483505678,0),(430,'836784c8478747c116da3852c5013492dcfa405d30e67e23dc2f3bfd1f20faa9\r\n',0,1483505678,0),(431,'1cd5c9f193dceae43b47d351ca537883563081375286e51f5a009e4a85771697\r\n',0,1483505678,0),(432,'28e1464079287a8d27e27732014d0ba239683442892d2dd59d049478cc0563c4\r\n',0,1483505678,0),(433,'2b887bc06dc01bc98d2aa661a842317848cdde910653a5762c69d1ee059346e1\r\n',0,1483505678,0),(434,'c35bf67c4fdef3f2ebd11da1e5b9350878546e06fe7951a0d183777415280f3b\r\n',0,1483505678,0),(435,'e4bc81ccd92889b085b54f1e82a414be248f8ee1a208ea994d3d5f94028c8ec4\r\n',0,1483505678,0),(436,'b057f40e526fb3b98947bc8e59f15c880c81c221c47f21ea7f5048f9be70eeea\r\n',0,1483505678,0),(437,'d9a08dde98d5a0677db17a64e8db51854da38d6fc06240e0cdfd026996e46d92\r\n',0,1483505678,0),(438,'901a7fd0d820566d013bb8dbbf8478250fcdf032a7fe7f9751d0b435a89ea547\r\n',0,1483505678,0),(439,'9153ad6dfb56cebcc3bf8ee07846d0ff50485fb50bb7f79d8861d1488b491b9e\r\n',0,1483505678,0),(440,'fac41c33212338c86110c5ac462ba4dccd5d5a618f34f9ab60b55958fdc772b0\r\n',0,1483505678,0),(441,'b7f80615f3b51136c3a927c60dd0c4d62d6363b0580c891b1c2f2f07f6edc2ca\r\n',0,1483505678,0),(442,'c1affe79a14d40f51cc0ac3e3f3bd32a6fff638bf9e594c93a6ec95da7662d6b\r\n',0,1483505678,0),(443,'c775d4f0119c95a1c063a61c8cb7f626aa1d3f8ed220b960f1782e888fd272db\r\n',0,1483505678,0),(444,'5f9b4b318d36c015dc9227c309bb96171a7d61a45b0309d6d38e66d3e4caf480\r\n',0,1483505678,0),(445,'57a4c3468a81aa003938f0621c7c3e37fc2e2f60b9395c0190a4e7d6a98ba2f8\r\n',0,1483505678,0),(446,'0267e4f984f7ad64afeb56a2b2b00e3821982f40fff5e0f791d95248619b1629\r\n',0,1483505678,0),(447,'8869b46d32542fa19caa61238aa8cabd42f223a455f6f0fdbef33b71c05a164c\r\n',0,1483505678,0),(448,'841c5e9bf974189cefc3b049249d9762cb19ae4173a0c8e6c49f18b32b4ec011\r\n',0,1483505678,0),(449,'5b51d0dc61bb07405f2d2328c8c1274850d72a9925751a4c4cd9353f8036b765\r\n',0,1483505678,0),(450,'69695b9436d71caa5ae5f4b55f5abc14d10203a13adb5f6a7bc1e600250ba2d7\r\n',0,1483505678,0),(451,'aaf0a1aa56c94b9476bf1dd632ca63ab5e873ad9c343d4716d9e5c0ee60683da\r\n',0,1483505678,0),(452,'1302dc7e4c63dbc7d661f326cfa3a548fa53b8f3e949aee2711ea97e60bf5cbe\r\n',0,1483505678,0),(453,'48d76330d5963ca834fdba88ee5b239850b48ab62f18a02a1fdd08706c35b1df\r\n',0,1483505678,0),(454,'bf1570566dc9e78eac00add933bf1d197525deb0b5234802c99830a5c6f7658e\r\n',0,1483505678,0),(455,'e3688ae017e321b6a807f64a1d54807f29c02ac7e7c508a4c385a85f2057cc68\r\n',0,1483505678,0),(456,'434266f4f2df31204f5d1147f1405404fc95dfcbe2cf63e414352d6adf40f833\r\n',0,1483505678,0),(457,'2ec42eaf9a65d927413baad965663d689c77b97bf6fac6d8a60d91bde65a7233\r\n',0,1483505678,0),(458,'5d42ce8d35e520be985ec4ccd52a29b656a4700b398eebc44b621fb49b4ae712\r\n',0,1483505678,0),(459,'c7e41c2ceda0e98ad7ba496bf31842cf1ee42df531ec28d2bbeb1bd8094aabb3\r\n',0,1483505678,0),(460,'a69c7bc89ba8853a7368526ad4eb4b5d442e73e184234d83052431ec26ae4ff0\r\n',0,1483505678,0),(461,'def8822e5e649ad214f300fc6984c5200c65a1f23566af4226d69efb1a78ea4c\r\n',0,1483505678,0),(462,'2b237420c2e350a4c3bf0bf7086f231ce9d44f8f4deec41af8080b74af767735\r\n',0,1483505678,0),(463,'13148b4618231102fc70d39d5e912c42fe3291d073a2c1feefc372fd68c3ae66\r\n',0,1483505678,0),(464,'2d152433c20d17237144f8d3c797f988c338b91ed7b6a2f8e7841fea69d83df3\r\n',0,1483505678,0),(465,'f2361487a4dc46bcb078a9efbd6ff38fc5641726652e4f21a6beb9347c12c464\r\n',0,1483505678,0),(466,'9f5b06c26ed450021fdd870c9e1c7cb4f2aa5d87ed3584a6c2a792248f5def5c\r\n',0,1483505678,0),(467,'7386be77eb24c3754cee6cc6efeb1ce36ddb5caa5599c175cf536c1487594f84\r\n',0,1483505678,0),(468,'6277efdb5eeff701e75f8b6e9a9ac7636fdf0e9f230b7b5902a4ff21a37c46d1\r\n',0,1483505678,0),(469,'c01aa6ada1d39170544da197270c7f24d97e5d2ef1be9adda8b2fc1a0dd82eb6\r\n',0,1483505678,0),(470,'eb7fc250946e04f3fac11c482c9b27727d65a146627e7dd9882e098bc4abfee3\r\n',0,1483505678,0),(471,'9930a5deab1057b0cc9a501453692e1434923176c96e7a6807099ddd19bb0321\r\n',0,1483505678,0),(472,'557b90c6a980e968b1e6f1a4c4236d7c05bb9ede2ffc1db676c44e1ca91818fd\r\n',0,1483505678,0),(473,'d249ab787c1bbf4e34a9cfc0cbf1f417e6ed5c0d25e9139670d1a548502f77f8\r\n',0,1483505678,0),(474,'d7212b51a0c3d4ed393e36dba3d49da23203e9eecf8be03a601c51f1f7a9f29f\r\n',0,1483505678,0),(475,'5d91d5ed7a4994ecc4669c70d048a608c44f2edde92ce3c5fe273451563cef9f\r\n',0,1483505678,0),(476,'c9dc55e7a8cac6efb67803e70de4dca2cf6be6fa9f2ca1985afa3e5e3d5b27fb\r\n',0,1483505678,0),(477,'16246a8e52487b729b4ff026c29265e89eb6f01e67c69e15c5beab4021f618af\r\n',0,1483505678,0),(478,'b3a546c356568cdc5f6258681696e305188c7edce1510912a9360229afb3bc2d\r\n',0,1483505678,0),(479,'60af3d42a84e9ac9c0bb44b2d462eef8b784bc69d9de32e0d1e5ae95b2fbaf5a\r\n',0,1483505678,0),(480,'811842d75ce874829e0ed94ab71dcdd0eae2ded7729f46771761d9b1304904b7\r\n',0,1483505678,0),(481,'1b83b10328809894c4355812a54ac42931ad8dfadbc71756167d9a6bbef9567b\r\n',0,1483505678,0),(482,'f7fa9ce74b3e9c2dcbdf2104bd30650c572928117a343007ee5179d726edeb63\r\n',0,1483505678,0),(483,'8d2cabc2872dc44cd6a1d5d175e7681b748022a78c90dff851098f0ca74afe01\r\n',0,1483505678,0),(484,'0a34e5b9cd7f31e52f6190d28a795ce9f7d8561da2de31b9e09299aea5c0e9f1\r\n',0,1483505678,0),(485,'8b931162ef8fa7c7fce5a41c30fbac1ff2c31bdeb8eb8a020435fefa71525188\r\n',0,1483505678,0),(486,'56a72b48ab14ba0ea366de63c1a04e1dc1b1ec1ddc480c8dcb4bebfaea4a521f\r\n',0,1483505678,0),(487,'3893b61056ef3dcc83b45e19b5f8d80ffebb15f57d529b28dc68dfdef566b5a9\r\n',0,1483505678,0),(488,'de57dde848ab7b1974153c5fbee6b3327a66b8db602572f204b77aef445392c7\r\n',0,1483505678,0),(489,'1cf37037e38125b7768a50519a8f87088b6882b47f743d897690edb85275d82f\r\n',0,1483505678,0),(490,'d8f48941f81e76562b4a73eae1da028592a2bb321c5eabb82a9c3e9a65fd2045\r\n',0,1483505678,0),(491,'5cd27db48109d0afc2442a30f6854a4e59b49affb3e5ce916e2a0bbd1a54ffaa\r\n',0,1483505678,0),(492,'a9940c60e7b4601e8aa38a8897e0ca18ac2c5cadc8baac417e2fb2344810a8ef\r\n',0,1483505678,0),(493,'d178fa24b964d7bdfaccd66f60ed4d57cb53e5ffc1a8ad62c9f0b2cf25ccce73\r\n',0,1483505678,0),(494,'1366fa9f2a35a1afe3a95659910943513709d946886f9bb4fc46d884473aca6b\r\n',0,1483505678,0),(495,'73a19bcaeae3280a61d2762aee1b6c82fb507e32f389fe80ec0a37bf58ecbf83\r\n',0,1483505678,0),(496,'6833f0a3b8bcfc5d314222f94a4e7eaef312a219afbb63eaccd127768340c1cd\r\n',0,1483505678,0),(497,'9bdf4f5ac46149569b44bed626fd6e2314a95a0606f7cf06fb5e8015881fe6e9\r\n',0,1483505678,0),(498,'847b03793dcbd8f9364765ba3d4b4097d399d60d890a41559278a3a21985e0b2\r\n',0,1483505678,0),(499,'a92f99049b2e37c101d445f27941db088caa0ceeea55c3ce30b159a307f925a5\r\n',0,1483505678,0),(500,'07e01a408ef50d3f930fc31dc5d076656c68f3d949e7d00715dcd5e9921e5027\r\n',0,1483505678,0),(501,'0864218b1d7e968406b577a15b6c63dfe2d16352d798ad406c80545ce83c4c74\r\n',0,1483505678,0),(502,'829653735532678d64453ca764093182ee39257786ddff847fd5efb6c45ba2aa\r\n',0,1483505678,0),(503,'dad1cdbf5966cfe497400a7927664b45a7e5563e15ae09fd992013275318b2b6\r\n',0,1483505678,0),(504,'bae984ccb91e3d09264684b065f151f71b443afea10a2fe3b762030de3241c2c\r\n',0,1483505678,0),(505,'ec3f491fc8b7c36c3f860b21f11a23c2d3d346dba594a4710da986949241793d\r\n',0,1483505678,0),(506,'99de07ba0ef6a198a706be0cd398325908e7297005d903398b441e4f2f8df55d\r\n',0,1483505678,0),(507,'2342aecf8bd797c156af29c9cd991e2b008617f3adc07c1e2ba07b19efd71d49\r\n',0,1483505678,0),(508,'7e0506a9c847267aeb4043b9fb211183097ee47393bcfac358d00e4f98372f61\r\n',0,1483505678,0),(509,'7bec95b6a5f725a17bf037626ab05e59c3b19f25e33ed6e4e95fae34ee58425d\r\n',0,1483505678,0),(510,'070a2a36e271e41584ccfec19efffec61abf315d305dbf31ef4d6f51409429dc\r\n',0,1483505678,0),(511,'af70c1035b885a978d281352d92df8530120d11ab93a7ba64aea78bf8841f5b6\r\n',0,1483505678,0),(512,'965ab48c20fe8da7967d30587a35f1fa839bb18b8673bddd6169d1a55103f02d\r\n',0,1483505678,0),(513,'43e557b2f3d380a88c79b8b0427ff63778ea30c68c7a28a7db0c4fa6e9c54520\r\n',0,1483505678,0),(514,'f173cf8e0cd8958fa198a59df2b579c173425aafd7e6afe56b896c08027c9fc2\r\n',0,1483505678,0),(515,'fe8925120d50bf41e27714cbd98aa83c44ea413e04f6cd79b089419af85e080b\r\n',0,1483505678,0),(516,'360cc972d266ad1c0246b5e0026e93c1856d6b8a3f0dde1d3b03d83454afe128\r\n',0,1483505678,0),(517,'5284e4584d8e626eaf4e7f367285270127ab336c59211482b0438a1a85f6b9a1\r\n',0,1483505678,0),(518,'ffcc345cdc3840e5a6b709149818abcb752478b5972b9cf6e41b550e062c5c63\r\n',0,1483505678,0),(519,'4e530f8374318e8cc5422697ac483d005979ebb9cb77f03fdb525fcda650a19b\r\n',0,1483505678,0),(520,'e19d5b450633bf2081478a621df591d62f53952c7ddec68d5a9162215343daa4\r\n',0,1483505678,0),(521,'d94e18502dfc565113a1eb1b4720ac3eeee3718fec43e8a842da83ae57482cbb\r\n',0,1483505678,0),(522,'9f03acb6c39d2eeee9271951e914a3e6a95ab0d80b026ccd57613fa586e23f08\r\n',0,1483505678,0),(523,'20671e600beef9cb6e07567874379f82244661b14bf1e70d30989e60df352f9f\r\n',0,1483505678,0),(524,'7a01a4ee0b72b3f4c596ff90a9456cc4156fae419e675a6c8be50394a1c08bcc\r\n',0,1483505678,0),(525,'79ad96939f5f9cd90dcf0d5cb7cf9345433f3fa655c4bab847b2ff72eafe5c30\r\n',0,1483505678,0),(526,'b3935fd5aabc1c4d42c742e9a308be96928a5c6f2111f0918ed68b433839c1a9\r\n',0,1483505678,0),(527,'d5b3aff2015168cbc98c4d1f3a7005340511d818ef9a8947825def73587e345b\r\n',0,1483505678,0),(528,'20a2a6a6878cceb1e14e60c02309bcb82a660e0fcfd9cad7442e33e928bc715d\r\n',0,1483505678,0),(529,'445f4c546b05a4541711beeed16d21c1995bb5ae893f110b4ff3562ccb52fe08\r\n',0,1483505678,0),(530,'dc7d46ab0e2d27d4f587ccdce9a7a685d9fcdc00f1c3261950fcff43bfade04b\r\n',0,1483505678,0),(531,'0ade656b5f55744206c225effd256e74c61149264acf933b3765e10d0c7a5252\r\n',0,1483505678,0),(532,'5c97106874d6d4c2bed38545c94fafee9a0cc83c31e35f575d8943cc35b2e17d\r\n',0,1483505678,0),(533,'1e6655170efcdd5cc573fe9b3eb9b2aa3e30625a69e2438763062a8e8af2a319\r\n',0,1483505678,0),(534,'004702f0a6822ba2465ecb92d14cf30443bea7a7d5e67bf11b54cf827148354c\r\n',0,1483505678,0),(535,'ad1571afdeb19c01e94de4b960ee586cae533b254bc56455401efe19003865ec\r\n',0,1483505678,0),(536,'0c048952a42b1ef19f562f6d90346db43844ff16f25e6360630eeb1f84617ebe\r\n',0,1483505678,0),(537,'7e2bd252fd21f0ce5233a504f7dbaf4e1f2ba210e7619f3698d177816cc51f17\r\n',0,1483505678,0),(538,'9aa33daae82456a6b7ae35c654e8288f729b72141c5d27c9cef8131644ce8aa9\r\n',0,1483505678,0),(539,'346bd2afefa6ed51446ec832279e66b3fd58be50799148a10e535d5781478530\r\n',0,1483505678,0),(540,'f9758dc2a45d28f269bf463bc12eaa0b86fcdd8eda4305699229d6672e2bf659\r\n',0,1483505678,0),(541,'1978e0c83b59598e26b8020bf75cd0dc4f05a9e35f3831784c648f352647cc97\r\n',0,1483505678,0),(542,'7a915e4a84fde43d40a71cd8928c7f3ab3f52e82aa156ee6f0a0c8fc6de1788b\r\n',0,1483505678,0),(543,'c3d237163e73f186834fe92dabc740b088efbb6cd800f1353134c1fb5dafca5e\r\n',0,1483505678,0),(544,'59c5930ff1e2685315dfbe76eed598f030e648a69562e803d87c39dc7d294c2f\r\n',0,1483505678,0),(545,'bb5e27609da0edac527d9b7297664ba8584329073fa114fe7d5ea014529f5000\r\n',0,1483505678,0),(546,'fe3902a2f97980d4723ba59f900e24133d00d9610714f468bac44debfb4a0b73\r\n',0,1483505678,0),(547,'7b8f0afbe226cd89a7aa7634947bba5d5b22f9cd744aa587cede56fbba8fdb82\r\n',0,1483505678,0),(548,'69fadc089933c0f09efa3c65d60622f2eeadbc8bd5a2d5156f274456ef3d482e\r\n',0,1483505678,0),(549,'208a8e918aa7d1b5b16efe2b2b3b98dcbc9fad01182f5f4b9579b5d377b3f3bb\r\n',0,1483505678,0),(550,'93ad4c237245802bcef26700fd42b7d0ceebd1d9279fcd05f53517762d2a19bb\r\n',0,1483505678,0),(551,'b2a9fd0cad62380a7b28ddd25951f3ae52d33e4c9849e3ad920540d81eaae34d\r\n',0,1483505678,0),(552,'3dc70a3cbe329e1015f5c233c61097075ace910bc0011c386fb1deac174c727a\r\n',0,1483505678,0),(553,'2d696bbfbfa349ce356a867458e1ff53dce326a94f25f6c828dce87ef2474368\r\n',0,1483505678,0),(554,'0e94c3bc8c2d6a4c7712607774bd25ffeb20f41ccc9f354d5ca2a7e462a36994\r\n',0,1483505678,0),(555,'b6025345890bd7f0a143cfd58de52f50789a32f51125574bf7f48f0889921006\r\n',0,1483505678,0),(556,'84d5c05cf33130a99257637d03e9ce7f69b669f4b2b82e0d534c2cff9bf89863\r\n',0,1483505678,0),(557,'97f7a7d075157158ec0d630fc61b19ce92d4415e5d4f5396c05f7ee6ef93da61\r\n',0,1483505678,0),(558,'5e55940126313b3a4ee91400082b279a5033fa1dc973db6864092f71b64bb048\r\n',0,1483505678,0),(559,'b55d6845220d114fb9c63ff98c2323b3c0b7ca2243023475f107d59a39e32eb0\r\n',0,1483505678,0),(560,'a14c182e48c2a069991041839384cb5781326f24bdebb26cf96abc28f2c5cb35\r\n',0,1483505678,0),(561,'2409affe22e3fb6280d3f8d4ee02aaa11872a474ea5f6e569c76df8b2629ab17\r\n',0,1483505678,0),(562,'b6cd8b15fe5848ef16337b768d9c341ef5cb32b42c49a299c37a521b7b586356\r\n',0,1483505678,0),(563,'503dea9044f5834e5279c62fbe1732ba9d464cfed867231b77ff901aba480329\r\n',0,1483505678,0),(564,'75a15f75dd68a3e90b903940b084dbbb11be854e0d5d14a24640f87a434eb4ee\r\n',0,1483505678,0),(565,'bfbb8ce162b609f4ea5f800061a4e94f1ee7cb4f2b0464d2dcb25dc0943019d9\r\n',0,1483505678,0),(566,'75ccc2a58ccee3ef37ccd38fccfa9e87c8776a7561c973b08192f47b921a0c92\r\n',0,1483505678,0),(567,'0f8d5667ee38b248b071ffc89a426840a96eeedd96d4b71242d2095f279e42b3\r\n',0,1483505678,0),(568,'6fefb569fae114169a4e68fa8c8f3a74db270aecaca182ec021728a8794f3345\r\n',0,1483505678,0),(569,'9fa9bd580d474133a684d29f398e40dad4b8df10252d2e86e1ecc0196f014b7a\r\n',0,1483505678,0),(570,'ba94c3c1930dfb4f150fe3542e11f4f52197d1fa0bc5533683665cf24019d848\r\n',0,1483505678,0),(571,'cc033dc7e58ddbf1e0b901c58ca77312bacd263fa0e1676c9dada9df95a5a4d1\r\n',0,1483505678,0),(572,'4ec99bbf429b29e2bc2aa0b7bb781bea09e9b0f2f8036e22bd2597861ce263ff\r\n',0,1483505678,0),(573,'b49e23f6c3b126533ec1091d49878dc23e1eb58d51f9a2973560b199cedad1ae\r\n',0,1483505678,0),(574,'ce44ab9050b62851ad38b352de7f03373ac4f63c33ed45a96915f2d06bfaa37a\r\n',0,1483505678,0),(575,'982e80a341d097c37f39aeee1a22cac444e8d374f140212ad62b0c32d3708608\r\n',0,1483505678,0),(576,'8304a85b5ae7470215ca7188ed006530b0868071f3bee024ca58691afc96e627\r\n',0,1483505678,0),(577,'9d861dd502070f0461a2e8251f2bf3d9e5f8db7f088c7ed68be488e031ceb619\r\n',0,1483505678,0),(578,'657d07d1847d93c62b93c8adc24545649c4e8c1629f3edab8300a08f415d35c2\r\n',0,1483505678,0),(579,'d7b4909f0e693007709a89874653733497580c51a5a01f1912832d04ccaa42fe\r\n',0,1483505678,0),(580,'598262fccee708d17860e86df116e9dc8cdbc1aa5a78eebe20be0e4c37932453\r\n',0,1483505678,0),(581,'bca7dff2162fe3ca3e1b5ddf6daabbd4337176092ea91f50c3dc102b9224c31e\r\n',0,1483505678,0),(582,'0c9304f81f296a7b236ca41984833c5bc7c41f4bb4a90748d6ac2722065861cd\r\n',0,1483505678,0),(583,'55ec0cd17059868579d8ffb27a7acfe6ba1af6db4ad0c29c0a47af5cd93cf0aa\r\n',0,1483505678,0),(584,'6063e3d99f0f47e31bf3d2990d69fa55a9b3fd4fd21757c84c19209e6ea34a40\r\n',0,1483505678,0),(585,'dbfddf7151705262812c336784dc9571d9e08bd540fa4fba0e3c10d209fd962c\r\n',0,1483505678,0),(586,'2d387b9d62dad40c29e1638a7efcdf7c4e1fb0fedcf7ccae8a075912077b0a6b\r\n',0,1483505678,0),(587,'5203e81517c61ad6dd2e64aac61aa3ca8fced607f1eeda27917911ca8bf9406c\r\n',0,1483505678,0),(588,'1179787a96ac135839932ffd3a3aeffce5fd6ef42fcb99e780f654ec995d94be\r\n',0,1483505678,0),(589,'48d5f4be348f0c0a39974941b3486cf0c994d411e04aa6246e5d5c3a02e66b31\r\n',0,1483505678,0),(590,'28cdbbfc8cca6fb72b1362710fde8d377002350cb868d4c641c71938f4e34505\r\n',0,1483505678,0),(591,'0ae2290c5f73be9018c7c7bb56b2e898b6ecc1726a46fed02100ef9301dec3b7\r\n',0,1483505678,0),(592,'345b5f394771a33425eb2245f7a59f27952fecb2eb77908c80d4e52e33315c74\r\n',0,1483505678,0),(593,'c73e8cd2d545fb9ec5b1a27308b16e65d926f873da02db6169efe0ee1d20a64d\r\n',0,1483505678,0),(594,'7d8d0330047b2ceb7a71b26b0f1bbcff532875db9a148b638f9622897d9ee464\r\n',0,1483505678,0),(595,'fb56cafd074ee06faae629261926787f33e81eafe83b528e30fa3e1ac4917dc2\r\n',0,1483505678,0),(596,'a1b4c2dd052e3d93504cdd17506b2904acfcde7d01144ef4f3a1d9005b33cd96\r\n',0,1483505678,0),(597,'dd72c73a04cfcba0195ea1b49b96c808cd9254be252c7a0f052d174813556999\r\n',0,1483505678,0),(598,'8d079b901bc3cfa717cef0c62682d22ba19bf5262de77117a18a63ce493160f4\r\n',0,1483505678,0),(599,'5faedd0512584f47cfec02d69d5d29b287b9ddf539cce2c6f0ee023192e371a7\r\n',0,1483505678,0),(600,'4d4d76453131f1c5e0f046ec039d70e358196cae4a1c7ad05c8662cf7c2bdec9\r\n',0,1483505678,0),(601,'b7e3b33a58046e41837809d00d8e22e52c92a3b8c4f2f704e54fcff9eab40fb9\r\n',0,1483505678,0),(602,'103a1e34d765d0097406285e51778d1ef7bdd6429b65aa13e9bac6a94be8ecb1\r\n',0,1483505678,0),(603,'670f168f653cc008e42e2d7f7c4cedcaa36eb0eabe5ae81c3dbd4147e5b9419d\r\n',0,1483505678,0),(604,'de71a6d4b5b489990c9ccfcea27fed71e3d57684346b141d65aeb63119f92202\r\n',0,1483505678,0),(605,'6670a26db28f0972a858a5b50bdafce4cafdd7274f73204e77cec67335a3d746\r\n',0,1483505678,0),(606,'bb0bc3c3d13e092abce4021b943f1c2738c54f3e69827eaf242fa3741347014a\r\n',0,1483505678,0),(607,'4cf765da26af19d3d69b1ee0258e259b2711162b6db39bf935bb78110f687500\r\n',0,1483505678,0),(608,'23d5f6a9e837ca4722e9fb2a7d0dbf033344753313105e9fedc657e15542a4c5\r\n',0,1483505678,0),(609,'e4eff89f8d8a152635541cc0c83b088e0d96be923733ebf2c1bda1f430752e1a\r\n',0,1483505678,0),(610,'fd469c547ca9665a71ed5bf0791957f994eca90d711b152a0b1c7d454bee0752\r\n',0,1483505678,0),(611,'a277596537b17b98197fcf776153319582708ac44316a5b3d2f07dd7df2a684b\r\n',0,1483505678,0),(612,'818e30dc16853ee8241253496b42c158c83f5dd38fc1669ab021e517039ae8b8\r\n',0,1483505678,0),(613,'cba805863dc299c0a8160197b85a0990ae588a390a3cc2eaab230d62cf8ea352\r\n',0,1483505678,0),(614,'eecb5a525473818b66f1c1cb7171e7992066fb2ec7c8347333216d56b8371341\r\n',0,1483505678,0),(615,'cb1817f67caad750cc0272e25590e11c6be2ea9569d26ad0516f1ac851bc7a76\r\n',0,1483505678,0),(616,'4fe97dd336196107f74fbcbdb0c0cb95a14e5e726334f9e1fd448f4b34bb485e\r\n',0,1483505678,0),(617,'3e4662219e3a65937a32803e620ee3570b6f0665276262ea8f95c4691232ab28\r\n',0,1483505678,0),(618,'a80619dee5a1601158ac8dfff8f2c7e4a7a8e84287564fa77df44bb386061976\r\n',0,1483505678,0),(619,'7a53959d46a9b5f23934accc992e268ef2c2a4c00552ccb526029145d3f8f463\r\n',0,1483505678,0),(620,'47b971157a1dd3155b9da772951f4bdaa69a35df596fac02da8499cfca557ac1\r\n',0,1483505678,0),(621,'3dce265825293c8f71c5fc9bd84184d78efecc46ccb612c133be7ae92ebd3caa\r\n',0,1483505678,0),(622,'dc536e7e4c7754d85c624808e117156d626f8a3972929db88af0fd97659e9d24\r\n',0,1483505678,0),(623,'ac19478c71a09bd0dd3e0c6ef4f5bd4ee07a1d58078c7db8b97dbb33ae4e163a\r\n',0,1483505678,0),(624,'030d890435d1159b721a33cf402b7cddc06f730cc8ed6137beb6a6ddbdd48710\r\n',0,1483505678,0),(625,'a6536122eba608ed75dac6592f62e2d5803632ed8bc1f89f105ed181b6b16fcb\r\n',0,1483505678,0),(626,'7dddd948815b72712c00f6c105059f920fc2590a850c92967f9290f92c2e635f\r\n',0,1483505678,0),(627,'98b7c273de56f676213f18c9ec5084f5d355b70a05f1bdb37b87c8886247263a\r\n',0,1483505678,0),(628,'76d36fb58cc7895bcfd35b6bdf1e12d59a49d1c3a77d4207734bcb2624c43e74\r\n',0,1483505678,0),(629,'3deac6ab4bb64e9450f2ca370fc378239c67a2859f0227b1e01b285146a69ecf\r\n',0,1483505678,0),(630,'d2bb954e57988cccd6fbf43cfc7251f14d2616ab8f19456ceab489c8210b1ea6\r\n',0,1483505678,0),(631,'e518da149a028bc0fa9bc08861ba5565b1b167a5351f5191ca595de581d44c67\r\n',0,1483505678,0),(632,'f4cbee64bef0b71f31922a45d8767b6e01ce6852c7ceb3ad4a0e531ac32416f9\r\n',0,1483505678,0),(633,'30efc3d7a01e0c4d0bbb2e29b15c58f9efcc4fc3a91937ec17f0dbf421bb8157\r\n',0,1483505678,0),(634,'4c4505e75a52a409b5fe5a7ce1c4a9003676baf7fdefa7f55d9949652ed07d54\r\n',0,1483505678,0),(635,'eafe7de9711cbc9607931b5da935324a0f247287e84894293b360e2e63747dfa\r\n',0,1483505678,0),(636,'874be78c83c44e69f4c5ddf76a8674705132f1cbd4f1a3c450f5a9d6c8a7e4c9\r\n',0,1483505678,0),(637,'2995e00bb9916e5dc3fbcdc3297d987bbef9925293689550df5451027a9d9695\r\n',0,1483505678,0),(638,'11389cac5975ba0032c6c33c8b4d32060c8c9b17cc3871bff9dfa5e82dac7a11\r\n',0,1483505678,0),(639,'83245dedd84932a07ac55b80dd1bea977760eacfcb6a63eb663b859da2751b16\r\n',0,1483505678,0),(640,'a37c89a9d069c50fe98469726b7502405d2223396a1823bac96cf30686eb0af0\r\n',0,1483505678,0),(641,'442f7963119aac6cdedd2783c24de793f4a0305cfb4149f00ceba19b54380d0a\r\n',0,1483505678,0),(642,'85cf79296be974b74ec17a60b58aa089ea421a804c2a22554c2fe46c5d85cf0a\r\n',0,1483505678,0),(643,'7c0f4631faf9e6dca85f529ee035dc96eace498652da3fa8696d2759eff44c6c\r\n',0,1483505678,0),(644,'dc1c0c607e356b2a180d42f3cffdc380c3377ac78c1cf150510758342529ad76\r\n',0,1483505678,0),(645,'7dbeb11ccff43d38a43e265cbebcf0bfea9d4adbb5890b974ace1ad0c896b929\r\n',0,1483505678,0),(646,'83ddc7c6febe279295ee6e95a8a6fde32bf0c9dcbef6478be72b8d5edc5ca297\r\n',0,1483505678,0),(647,'8e6bf689bb3e96470917f1ed89b107dc1e32e10b1962f424bfa452f7cc4f23a9\r\n',0,1483505678,0),(648,'2007c887f77a0699c9f0bd6116a4c01f2fe9fd98cfa037c298818626108492ae\r\n',0,1483505678,0),(649,'0879bbb4e95860d00fca6b17ce3b12eeed6d155e2bd5f4af56f043d11baf5133\r\n',0,1483505678,0),(650,'b185bc62d65428ce13b7d40c7d60e870761fb2836223a2849069f48a4c509d1b\r\n',0,1483505678,0),(651,'530da8bc898c78ea79769532691791d39e01440544f247a1583b94b368c568d1\r\n',0,1483505678,0),(652,'cd4320434420298c1f1cc06bbe13956002212cbe301d9064ce098bdb0efc2392\r\n',0,1483505678,0),(653,'04eabd4ad0338943e8d53c3ba2e3023b19a634ab3c273502b6d717312f47c1ac\r\n',0,1483505678,0),(654,'a9ff2ea48ff4632b1e840ed1202061572119d54572c0d4580734b5352ea4104f\r\n',0,1483505678,0),(655,'7e4f701db44b56768c3a0dbbaa72bc2612a160193faf4a2d094dec25af596eac\r\n',0,1483505678,0),(656,'9982e00c40a7bd866e425c89e4176db3ba1d50199bccc07b9ecd34f2c979e585\r\n',0,1483505678,0),(657,'339622c5a1b88652cd38a1b0e3571e731b007e1a7ae1720f415a9698f85b8922\r\n',0,1483505678,0),(658,'5b25c7712d6eb39d16f69a7fe0467620c67dbba6353f52a01d838c7a788cf598\r\n',0,1483505678,0),(659,'80121f751852761ab6c6097003913e898f6d053a7558261c71ce683ee3f0aab6\r\n',0,1483505678,0),(660,'b4d0e9d76887d85199ef9a3c8f8ee972d42380d14b3a53c053836d00f8ad160c\r\n',0,1483505678,0),(661,'2a994be8ecb31eb6002e214b30e68de1ce3323b54bcd20b269b189307fc38912\r\n',0,1483505678,0),(662,'c1bc009a3efd8d33c0ea432427f1bca2c1121b80e6b7419a618609a7f474a76a\r\n',0,1483505678,0),(663,'87f99a3b23d7e5a2194c143080428805b679ea70273ef04997106dad60271460\r\n',0,1483505678,0),(664,'e897260d059d9dcba608c1085f8f00a304479b08c09647628b435f661fc723a9\r\n',0,1483505678,0),(665,'eef503114ee40c8b84499a235870a2d35d8e2f6a4448923f3fec0fad7ce9af84\r\n',0,1483505678,0),(666,'9dbcb730ce586364e187e7853447869a0a0e3416055a9aebafb78aa2de01c96f\r\n',0,1483505678,0),(667,'1534b272e39bf7f775d863d4c1d239d7a05087dbac3abdc8f9f49a5869d64034\r\n',0,1483505678,0),(668,'32d7e5f88f1da91ba0abe6868ad0ba71f575febdc2e098b04db933df5f21d8be\r\n',0,1483505678,0),(669,'2b6d8f4146136f7c7c835d20bbf1c675ca93a5515c0f6a519dc17f3496dde7c7\r\n',0,1483505678,0),(670,'c818cde7e151dcab526464dd443a2ed4037da0f5111f725295b832e93c9beae8\r\n',0,1483505678,0),(671,'d847e82eddb49ee07b321934ff9e17508b992361eedd0236959e5817afcc06ed\r\n',0,1483505678,0),(672,'f2ac82b4abf42ad7b85347302d5ec0e2f0bc96a3e114286e8494845b57df0c8c\r\n',0,1483505678,0),(673,'5d78221fd725eb9bc676e2ebc2ff94610103acf77b316e587a2348dbc683eb09\r\n',0,1483505678,0),(674,'939dab113d201726289de64c82a2730fddf66ca0f88a3a206e021f53e4464e5e\r\n',0,1483505678,0),(675,'07a8ae1e81fdd6a6670699b09a828246623b33171ecc605eea5b4e9f06576e1c\r\n',0,1483505678,0),(676,'2b3224ec8b14ab209c52bb2c79a652ac0475d684d3088af2c1f2acaea94d02e1\r\n',0,1483505678,0),(677,'d439abceeb1c0d734cf80a026b596964fa23bcbc83ac1ac28a62b9df99e0497a\r\n',0,1483505678,0),(678,'420dc131f70f73b31b26ed6ad5b73c8d4fb9b4cc617370ae34a9aa6ba74d0b79\r\n',0,1483505678,0),(679,'fd1b4e0de8be5f9abe738df25a3b279b12c7a38022659b82f5186fa248b2f198\r\n',0,1483505678,0),(680,'bf0327d973aab28ff94e2e0f729173643564e1662652ecd141ae50483d7c0b9a\r\n',0,1483505678,0),(681,'aaa5d763c27de78c734f5e65b029aff088741c777408b117bbecb24e519b2568\r\n',0,1483505678,0),(682,'fda520d7fe069ecd8519872b6718e14c870cd1ca576e1beca2f1af7378830bbd\r\n',0,1483505678,0),(683,'a4840493efa0bae1611de96b489b87ef93532684f4b139bd91e2b37d3ed6907d\r\n',0,1483505678,0),(684,'c460699f31d4af19b76a3a706c421164260b08cb9b81d114355fd9e7f99eeffe\r\n',0,1483505678,0),(685,'44288c54480936a2389d1a600e04dd99e15aafd5fa66c0d3c531bb82c3a5ec60\r\n',0,1483505678,0),(686,'a1429fb451faa62db7d54c43eb748f8cd50a311ca04d2e09e182cf2804025e1a\r\n',0,1483505678,0),(687,'7edb9ee4c0341cd393038a84b635c3679502a28b41737b14f26a04ff4d73413a\r\n',0,1483505678,0),(688,'25c86c1c4099939f49ffe56abb16cbc3ef5016dc6169867d3933a8f48a36bcb7\r\n',0,1483505678,0),(689,'2e7a09fb00ba2472255fcf938688906f76dd3becf38f9d8c12123e574e535600\r\n',0,1483505678,0),(690,'af687351468f6c3d3ef6260258efcc30576382f8e0ca04746c59dd2fbad385f9\r\n',0,1483505678,0),(691,'001d5711342d3de90b8571d410730897fedc2f829ffadb8bb2dc16d4aa983131\r\n',0,1483505678,0),(692,'2728fd0b5bbe90322f1a519eb8518ab07a855d340e876b914feeb8b9a4abad1b\r\n',0,1483505678,0),(693,'4835e6f4095685aec8c508f8c5a2ee3b10e56aaf6696e7573bf3006c3c844482\r\n',0,1483505678,0),(694,'2f99563a6c968813ef2a120cdc1a91d0e199674f60e441fa12043910e2de8d74\r\n',0,1483505678,0),(695,'72103303f798c6e21848552ab573194cefbda9bf48d28284b070e36795ff926a\r\n',0,1483505678,0),(696,'5d0418519566df2ccef4a42e67763cedd9fb261eb5b2f170ee5ab38406d9d039\r\n',0,1483505678,0),(697,'84ac27cf85982adc28a1018a98214c690a2aa65701c9aaefa6705d7012666df0\r\n',0,1483505678,0),(698,'053d441b2db48e2f1ca0d6dd1c888639043a33022db9998405f37a60aa63d9a6\r\n',0,1483505678,0),(699,'a956d2d764d0d88d8973ca2644971db34caa5395871bf24ff02097f02fea45f4\r\n',0,1483505678,0),(700,'6a2b3922b86be63b071f9dff3ba8e4737f38acf90baa13bca38049439e25ddb2\r\n',0,1483505678,0),(701,'46b0af00d1835d19d29d9799e5a4999d1aef001c9c0b8afcbe993ad91a40443f\r\n',0,1483505678,0),(702,'d15f3e6a2cd37c871fc2dba8056fc61aa57791f486753c7e487d829d9df6c393\r\n',0,1483505678,0),(703,'94731767a6354a0337821f313f7594e61d59054859deb60e189032895268a394\r\n',0,1483505678,0),(704,'afabcdd51b5778904009ab86031f3722f1d76bde203a069dcc95eab1183624ef\r\n',0,1483505678,0),(705,'199b4b96be3525805f948b3b9d48761532458158925c9bcf8cc001ccb074cfc1\r\n',0,1483505678,0),(706,'abbf6b86e73ed5b973cc9b8b4a6fb3c012c22114103c407cb19868cfb6355371\r\n',0,1483505678,0),(707,'28d7c54c5f7ecbb4f2fe5b3d5cea6f32f61d55486570efd86a8c09ac8875cd41\r\n',0,1483505678,0),(708,'64553cfe28baf6a66cb7f4e214a5c9cf88012cece112be9d42ecd9f0d57f228e\r\n',0,1483505678,0),(709,'b936c3e92bb5318a24a9e64540ce712c47e05981708ce76fda8e6ab8fcc44b58\r\n',0,1483505678,0),(710,'e44f96129ac89475b6ea4e55986696211cf4b707b635ca948341cc117013574c\r\n',0,1483505678,0),(711,'3e1f332fb8c7d9c5f5a5bf91bb90d243c60fc54ea7161a6786bbdff80502814d\r\n',0,1483505678,0),(712,'7c96a59cea2b558e2a4c4e521b8bef6dd0b6b7f3e622acad32c4bb12b689bf5c\r\n',0,1483505678,0),(713,'5d5f05dac0136655a71fc7a439bdd2b9df0dd415582e0b022c370c8c04b76fe2\r\n',0,1483505678,0),(714,'1ac9d1ac1a675a447361e97fdcde21eff094000e86c5f13f5af29f8bf9eecde5\r\n',0,1483505678,0),(715,'cbf02dced53d7fe1c96bb7a3b97eac0aefb6b0e88ec25b3706be7242eec84df8\r\n',0,1483505678,0),(716,'955bcbdf6a38e38af3eace40d41ce5c4fd3d4b19f269c2ba19541df986bfa2c2\r\n',0,1483505678,0),(717,'5ea61a3ff0f1bdc1b96dc013c99442e7e7b94f36540160ee856c1de90065b989\r\n',0,1483505678,0),(718,'d840c89b3cf282f9f8066d55119c576943944993f2759ba7d3eefca8866fc2fa\r\n',0,1483505678,0),(719,'d02d50344b4168aca0d523db03d4559eae03ac921cf50ee297cb815071f41870\r\n',0,1483505678,0),(720,'141c526c4b4fa00293630e74a98110e80b71a00787cf28dcd90e38ae1adcbca9\r\n',0,1483505678,0),(721,'a694930ba22245d94cc6a60c0dae3eb52dfb1f7661715e548bfd145ea0956e02\r\n',0,1483505678,0),(722,'0b8182eaeb76f48aa663163d6ce3ff8d8a1f5241df9470c7945f2b6b7bd81197\r\n',0,1483505678,0),(723,'3ff8f7fbdb1c69471665d2d36104b8adc9e418c2978ac26c678634038021ff58\r\n',0,1483505678,0),(724,'753da0bb5bf38507b4c2f03426271cd67da7f528e98bf80ccde550ddec225c28\r\n',0,1483505678,0),(725,'41d89d41e1db1299b1b44316743e971f04b4de620dc095dcb95fec86c1232057\r\n',0,1483505678,0),(726,'1a2a0487bb4ac1b18e0f350f895b7d7e27d7f6d13f179fe84450e15aa33e0701\r\n',0,1483505678,0),(727,'18219e684de9d137e43fecb2a177beb12b85323061f4aaa79d4e972bd310aca0\r\n',0,1483505678,0),(728,'1514249e7a296d9bc3bc21249f34b2746aad7f7de7cd47654793c80d902e82fd\r\n',0,1483505678,0),(729,'8524cf55425d321374661ff36875be1777e95f6ed315453ee04c4da68632289d\r\n',0,1483505678,0),(730,'0d7fdcd0fc7a1ab0f564b1a2e6db0e9e6df76821409545269093af28b9815a65\r\n',0,1483505678,0),(731,'231fb8c0076087062bf8ecb87f81950a9501a366ad3d60d443ef342fde59623b\r\n',0,1483505678,0),(732,'87f71ea7394c0fff02b37dd6f4fcbcbb8781e1d4351ff700e6aad00dd5845c9a\r\n',0,1483505678,0),(733,'27a2ae882877b0509330cdc4d1490082dd232d70a9ac8c89c36ea160a14d028e\r\n',0,1483505678,0),(734,'852fb80d52032d09e6d4f24e2a6b527dd50d1b3f5e875d1bbfb7941628941b6d\r\n',0,1483505678,0),(735,'a6ab819a97bd08ca46a6472e3a57cdd5d7df247e1dbc649ea1086ea8cefe52a9\r\n',0,1483505678,0),(736,'7c95f70fb90c05363093a58c6a55e8df3b241b612aace310a1c1061bbcb73851\r\n',0,1483505678,0),(737,'895bd897622e197c7d25b171d2c27de6a9c70c12b47918c76516cd05a1bbf182\r\n',0,1483505678,0),(738,'c865c5a55850a27dcc6ce93982a08410d615f0f89a56694c003c7f36326cb7d3\r\n',0,1483505678,0),(739,'189b449d70858814ed9dc11211cab08a11b65991e18db94e1f561c6db1dca16f\r\n',0,1483505678,0),(740,'811bbe76aa400b343758c65c1b6070c8dfcac8bb34c95f07db985d771fa0811b\r\n',0,1483505678,0),(741,'0345ca4757f0917c2c3f96bf2e5a231b2545c3c8906510dd482d25c3cd03d104\r\n',0,1483505678,0),(742,'159e42c964e34bb25f23c8128bf2dd4019b2611256fc2693aa1b8cd3625dd95c\r\n',0,1483505678,0),(743,'12c68ae409955d960354818c72310678b631310899ea42f215166304ad77a87d\r\n',0,1483505678,0),(744,'a85f5f5a131e1b9ebe784f01072ac7c3735eb2d4a7812f76ae2fd7a725625083\r\n',0,1483505678,0),(745,'1b3e16ab16767a80213dbc4e48789ec7754a065163a6ea3caf5ebc06675e0408\r\n',0,1483505678,0),(746,'94934423008919a8558fdb37cd4a47d44bb112d5027e2a0eec7e482dca07642c\r\n',0,1483505678,0),(747,'a2a719f713e71e9376af46bf59747b50bba09a1f93018074982481a390008ca7\r\n',0,1483505678,0),(748,'24f29cd29dd0280951c4b741c96ad11289a15173a6fe950e0390e3a1e69132d8\r\n',0,1483505678,0),(749,'0b6d12c9fda074635bfed1d463d9f83b2a5cffd4b4fdb78bdb9b5ef80646c466\r\n',0,1483505678,0),(750,'69bc33161971d60da86bc401d7287b5cd2c109ca591453228767ded730d2a12f\r\n',0,1483505678,0),(751,'13f9853b8d659fa3e0ca94aca9e3cec9d76b5c05250e3aa2ad060c3401b524a8\r\n',0,1483505678,0),(752,'98a87fed5e2148cdf2bfd66f85075d359656d5363a8d46df4ba78630af20660b\r\n',0,1483505678,0),(753,'cf44ecf22d70cfbe37f0f8cb16c7c7bd10231cdfd71ada56189511c5b6529be0\r\n',0,1483505678,0),(754,'23cb18183c1b980d4ccd443683f4037e05ec1ddf712538aa3f704ce1c4caa0da\r\n',0,1483505678,0),(755,'15e18ba028fcbfb3e86cc45a67af404d9211e130c9e325ec32c346ff0fc545ee\r\n',0,1483505678,0),(756,'4280924b764399ff0b71e102c935aaebf4cdfbc85af5df4d2c243ab7248c59b3\r\n',0,1483505678,0),(757,'579f25209b6ea6ce1d1a4a835061b8c2e6cf8d43c74cb6d6334b9b038942cbaf\r\n',0,1483505678,0),(758,'a7972f63e7461a6937558b3e817fb9acce07b171722dddc4b69194257e0925fa\r\n',0,1483505678,0),(759,'8667253a02c8d2706297297dc531b74a5526b2fb320628f2aeba91fe2a580cd3\r\n',0,1483505678,0),(760,'72db946b845baba092b38ac41d614b859d5bf2d1b7d1385d61d542cb3ac60133\r\n',0,1483505678,0),(761,'853df9ee5124940ebe9ff31bfe61ee933359fcfa0ac7ec9b76b9f873920a0fd9\r\n',0,1483505678,0),(762,'66e49c896f4f7a5dbcf30018fda7421a9d24b58c36e43d201beb24a904d880d1\r\n',0,1483505678,0),(763,'d883484415a826d61b8a704387429201a293a9e3c611949331410099e7ff4020\r\n',0,1483505678,0),(764,'cb1b3eda93f974772adeb804ed9e653c4d44a029a8e0206a19718bc8c6a55f13\r\n',0,1483505678,0),(765,'2905b1a6e20012bd862ee309294fb07eb120d4ea0b85ba5f7c41343c6bf1a194\r\n',0,1483505678,0),(766,'ab07c8683dd9633d6b2675b3157bbb3666e8d240b7cd89212f2301353a6f717d\r\n',0,1483505678,0),(767,'5cb4d9b11b319be3f068bd1a284996142982b2f835d52a326055962be99883fa\r\n',0,1483505678,0),(768,'e8f7e7bbb39648fee7fe48e20638fd20252a63796ae90a311b5f4637670b592b\r\n',0,1483505678,0),(769,'2b1333df9a9a4ed9ebd155f06af15bd99fe2b106c157c74cc45e25155847d070\r\n',0,1483505678,0),(770,'d2208dc365838593cd8f5a0f8f10f8a373de708c19dd3b4f67cf323e3fe1f0a8\r\n',0,1483505678,0),(771,'978c9abd35c9858eed04e6d209378079ae5aeb590b16889dc3bfd91be3a83bdf\r\n',0,1483505678,0),(772,'3bd5b0d1bc8797e110e26f31d7887a434fe8ce3a796283146e2f7e14e9214fbd\r\n',0,1483505678,0),(773,'edc73d969e920aec572e4e2a93685da5b7bb74aa23ebc53700793172880a1905\r\n',0,1483505678,0),(774,'f0fe4ad87cdaee325eb229bdae6ace30f568e66237737018d4fd06ff4625b640\r\n',0,1483505678,0),(775,'e6c619b5973f937846466a5e8a169298e67f225e56e431e98deec1ea54b93dbb\r\n',0,1483505678,0),(776,'528b83c30a0b8cb285cd8866dc1895106ed21084cf4f207728694f94024ce4a9\r\n',0,1483505678,0),(777,'5d82dc93c9ab5d446e510247dbe673cb98f2f56be420ab604f1cfae06fbbea16\r\n',0,1483505678,0),(778,'3940c33812a9cd7d05e9a651f6e7a6c6aa64bd1b2a6297d178060b9d39311c8b\r\n',0,1483505678,0),(779,'f3a44a3ddcb529694af30c80d04630fc12568e5a1e0a478fa5ac55d212a1be31\r\n',0,1483505678,0),(780,'ad7a362173a3d0c3976bf893f9750bb5ba4ce43ecea91882d50915184d10f156\r\n',0,1483505678,0),(781,'0ce4d4b6c4442cd43dd972f0d20c17448c1c67882254c1151dd8b8351b647106\r\n',0,1483505678,0),(782,'751decf3e2f4b871c85517d6ee39b134e0d01cb2779b402b96ecf3c86fdcd050\r\n',0,1483505678,0),(783,'67cfd96f818d83766367cf66c798ce31258c4a0d06a3a3f5680dbc8030c59f59\r\n',0,1483505678,0),(784,'316e9743c20fec0237deebcfae58de1c335830c3c0eb557c082f298dcfdf9e79\r\n',0,1483505678,0),(785,'483b6c28ef7aa8c02cfbc0f09a78c7c253d40e37b288733d5b9532255db8fd68\r\n',0,1483505678,0),(786,'0b1fa10ffcb9bac1d3b7d0b7dee7b767813d89c5a5ccc6bc4948033e83210af7\r\n',0,1483505678,0),(787,'e1f3a34d91447a5b8bb9c85f77b7998c5d9a9ebf42ff44aae51504b4773de572\r\n',0,1483505678,0),(788,'2ef0ea9bc23361f949dcc6cd2fc3298daf13207d6cfc5031e812d39b7326924b\r\n',0,1483505678,0),(789,'7bb70fa3f8dad6c5a536ec4d065f2ab00d72650d76d88543fc8f28b65ecafc90\r\n',0,1483505678,0),(790,'398c53bd6058b1bcf351b2fafc6b1024853b82cca882959e4ddb46cc8108b591\r\n',0,1483505678,0),(791,'03036de400fedb910a9e6be07618cd5ce02449f23d8319d94a3d85651add341e\r\n',0,1483505678,0),(792,'4086d4b0462fa76ca3c8629baa5fb3d2c55dd7970fb0f69b121008c1d434a3fd\r\n',0,1483505678,0),(793,'38fb54a737f4df5d96d6f9280102b896438a974f00da6f4bff7d3acd20b9adcb\r\n',0,1483505678,0),(794,'3045300cb4e095ad91c0230a08f358bf3e2bf55699f2a4460dd5c35cb14a404b\r\n',0,1483505678,0),(795,'a9e0a7a3d5d2a4c9ea89c2652b53c6c6450ece05215e78db6c5315a1fbe69de9\r\n',0,1483505678,0),(796,'a72472a09cf277a88b602548a7e21a4e1deb3b143352b066c733114705fa8f6b\r\n',0,1483505678,0),(797,'e5f9452834116fe8d12ca50bbdc33543dd272b6d378b7b11290546e9ce159541\r\n',0,1483505678,0),(798,'dd1c36dfa2618c6167d8aa41b3446713db7b09532534cf7c6fa73c65b4485342\r\n',0,1483505678,0),(799,'c86ffe27e8e5c85df72aad272ee4af162929425849e95177cca7713a55699ee0\r\n',0,1483505678,0),(800,'dd001cb2e777110aa00601806d9d5bf8c80115ff95cc11ceb96a7dbf0a1ee977\r\n',0,1483505678,0),(801,'4c72a89f46295bc787f841a6d9f568d8f08fe63908381c37d62168842d3fe963\r\n',0,1483505678,0),(802,'9f3b7a1cb30ed6012acc446275b5c958bb5f877560c8375c1cf2f5f36509cbfd\r\n',0,1483505678,0),(803,'651245dad97c0fd9d5e859fbe233c2873df917351d32799da475c5db71b260f3\r\n',0,1483505678,0),(804,'72ddcd7ee19bd344f424347faaf3ae079ea9cd2410fbcf18639adb5f571f4971\r\n',0,1483505678,0),(805,'4d3c192ec7181301ea8d00b74adfe5b40994e87c97e7e12f6c926ebdbc0dc2f2\r\n',0,1483505678,0),(806,'0515947685dfe6ebc5db74eea3d095cbfceeefd370b0f45dd3fd942f98a9b797\r\n',0,1483505678,0),(807,'1b1263cbe4cdef13ac21d83b0f25aca23fdf8ca28b5f5b14c9840bc3171a9082\r\n',0,1483505678,0),(808,'304b2fb3f2410f0a60cb4725b04b1767da0ad187a44b6d9e6f3a93ddef3740d3\r\n',0,1483505678,0),(809,'3aa55c09aaf0fde08ac37e3b839783c0679be881b14d36fea77758f5ea03eac4\r\n',0,1483505678,0),(810,'fb26cc69466390231fa4b61353662f7a77f31b3791ce7d6c498679741e2fc3e7\r\n',0,1483505678,0),(811,'0395a982d7c5647a3fbc5a591daeed5cd3b70a2d62acd6fee470b330f2b90d13\r\n',0,1483505678,0),(812,'869bcfa9c7c3d28c6830ee5a992a1b196eb707a8f8979b7535ed3794938731ea\r\n',0,1483505678,0),(813,'f29013fa11f9a69463389b4bee9afbae66257f3688eeb851cab704ab9349ca3f\r\n',0,1483505678,0),(814,'c02418b28396e01c5b035d2ccded574288058c19866a031626e8af32a7f7f57b\r\n',0,1483505678,0),(815,'f85da5c59655b0a96523232af2740c223941807f95645b982c05f805f620dd86\r\n',0,1483505678,0),(816,'4cbaac2ae88b1942aef58fe3c9927c245bd582e7b38dcc7ed7daaea36f563e6d\r\n',0,1483505678,0),(817,'9d56dfefb4bd48031ec97a33931e6e7fb90190d956eab957d54df2431f3053dc\r\n',0,1483505678,0),(818,'60bf5590506bdcfdd7a8e5f1bdd72985aa012debdf4fa608ad4e4be4b75fc19d\r\n',0,1483505678,0),(819,'a2e28bc3d2cc80c85b4eaf3c3fa75e5ae14efc9108380e404d7a944d7fd41dae\r\n',0,1483505678,0),(820,'cfef2af0aaaa7cb802c6961d23dc33bbeffef2e306cdc19ded2af7d824d95cd4\r\n',0,1483505678,0),(821,'95a904d3ae46b34c0ac77d0770ab1bd3682d47ce1174a1509baf3495be1d0d3e\r\n',0,1483505678,0),(822,'cf1b841bb169c2af3757e70419ff4b59e089dac9fcc8a6c4b41fab32a97c1ca0\r\n',0,1483505678,0),(823,'c07cb1ac5e30856a01aba59c3cc2c6b0e783b43ddc0e8e628660b513e66c8287\r\n',0,1483505678,0),(824,'ba0b40f1c2ea6413c5a5bc3be3c4c976af0a1687fa56a16bcf5609f245f3d2b3\r\n',0,1483505678,0),(825,'a273e56046a6864fd4329a34ba05490c5dbf3a95211eb86d4301e36b2259c0b9\r\n',0,1483505678,0),(826,'3117390886775d170f1eb4a3a89fe4353370998c6a3e3d3da9e72c748dc588d5\r\n',0,1483505678,0),(827,'b95711912aae29c4913728177aec14571ea2784711010a3e53856daa048839e6\r\n',0,1483505678,0),(828,'53d67dcd4491fae7927469d9895afccfc13fa2ebbc25831959694b98c563fd40\r\n',0,1483505678,0),(829,'cf8d4c531d5e4bc69c62e6898526840ba0564a816bf48ed78c48cbf5785af7c3\r\n',0,1483505678,0),(830,'e01347ea1d0e90ebfc2870c94055567763f760d975b103397afd89646d73ddc2\r\n',0,1483505678,0),(831,'6685ddcda2fd94ec5c9fa48ca75d616c04a4099d2d849ed49c965d9f9844e077\r\n',0,1483505678,0),(832,'c9da75f12acbd29e32134a3d547658fa203aac6583d7efc8b254b9eeb074f5db\r\n',0,1483505678,0),(833,'f495181ba637f230a9b728c3481087d0a1f526aa9cae35b363485a26c1d1eb05\r\n',0,1483505678,0),(834,'806c9eaa163378612e256c68d67b086cc50f44dbd9e725f8003bb745d6451a1b\r\n',0,1483505678,0),(835,'29f0cbdc33436d0fe95b9b2bf24d653d52415f30c3673016251e4e5a6e55c48e\r\n',0,1483505678,0),(836,'e68b5a7942e45e169fe2165067e9ca981273f125e76b82d3374943ed0755b2ff\r\n',0,1483505678,0),(837,'810b357d5c222b13d301a3b1acbd9ea2570780d2a40eec28fb4305deb937d9ab\r\n',0,1483505678,0),(838,'2376a74e9fc12af563ab0868efac220c1d37f7d9c8c02ceb59008fb224f90b5d\r\n',0,1483505678,0),(839,'8c7382dd719f8ddb0d1e9096deabfb6e99221b9216228a5569d762707a4b4f50\r\n',0,1483505678,0),(840,'d2b3fcb358c5f6600d0033b01490ac2b2766e6925e233119bc613c8438c16f54\r\n',0,1483505678,0),(841,'6afcfdb21982ed4866b0820c82631b7ece478945e3e534a0a2d61019d39ea1f9\r\n',0,1483505678,0),(842,'c7914795a338deedbbc3c94ecb9a19ac2203cbf98dc63120e56948c1932ac39d\r\n',0,1483505678,0),(843,'300dedad0471df3a67262a0b1a42ce3b9d0aae3d807a9759c4f183f1f3270030\r\n',0,1483505678,0),(844,'b0650289193c2666e724a1aabebe48fe017b4bfd80f7ff86939d42e547348906\r\n',0,1483505678,0),(845,'c44db15c9d236fb343d1d12c5b70d9c04f2381da70ef71e19086088c7256678a\r\n',0,1483505678,0),(846,'34d34592efb2739005fc31c42aeda490a79f4cfa62892cb5b954f334342a3cc4\r\n',0,1483505678,0),(847,'7820ef250f6d7793720a253c1a68a2f048b20a10a754ab42a7f7f7ca505dfe80\r\n',0,1483505678,0),(848,'79318f42a572417695d0f3433c30f9f8aa1eaa0b5877acf208ec3deb396d0857\r\n',0,1483505678,0),(849,'50ee75d5e48616d441287dc552779d6704cd7a4299178cfa5648b0e274ddf97d\r\n',0,1483505678,0),(850,'4747ef9193bdfa9767563e4e62d80192c25150ce18a0e341c2ff21fb4cf2ab2c\r\n',0,1483505678,0),(851,'c94f42596fd80cfa1d735e1924cd47a3226bfaa5e919efb68ac4022516ab60b8\r\n',0,1483505678,0),(852,'4c7036b704f4d1fd8713f3d590293e9ecf9538dba75f3044b873fb75c7baf965\r\n',0,1483505678,0),(853,'0a5ca6b2228b58c1e85f62f0dec5be8864c61f2d20b8ebd0c34300706a3f1d6f\r\n',0,1483505678,0),(854,'d8efbe402171bd4e5ea37fb51555653cfeb44ba8c1a8f4a77dfe475ac49650ef\r\n',0,1483505678,0),(855,'5177c68fa069ee2147aeafc744bb77ec6efbed362b77e0cf2e76c70399a883bb\r\n',0,1483505678,0),(856,'21164135962c60f58d32ef284762363419ac4ad64b2943597ee6a7875424f01c\r\n',0,1483505678,0),(857,'5c106e644db6a47d007287e14d821722ba64ec456fa7e40a36109b1fd7f7f62c\r\n',0,1483505678,0),(858,'1d03058941734d6ae420c16fc9eb877ae2395bb0244e53716c426d1e741ec6f6\r\n',0,1483505678,0),(859,'79d28fb2e306448d8cb5ea855eced2c4f783b7d6c0bbe62af51e58a545501483\r\n',0,1483505678,0),(860,'a82ccc4e0896a5adde0df4890c002ba925617b0954a0cd2f2df760a788192a55\r\n',0,1483505678,0),(861,'a2336806a57bd80505a4b19907a5e9756944e6651753c0b8e1a4b7d124fad7d5\r\n',0,1483505678,0),(862,'639a7d68129664ccf537ee6f957d4d2b5a03bf3a8a8dde5f6a5ce3788d05d70a\r\n',0,1483505678,0),(863,'762c5a6ea7731a77c03136d6ae3cd1cd26503dd14bd0e3ac7bc6da527049a26f\r\n',0,1483505678,0),(864,'e431134e5b99e95aae6b3a04e21035179888c570dd1d92152acd3772646b366b\r\n',0,1483505678,0),(865,'a5b8b834a6a0619551dca3c85dd82757c8456d0f8c7c782ddab919afc7093962\r\n',0,1483505678,0),(866,'6893dc8e8fe56c55642462150006800160f302a9cf422104011d422c15d7fbc8\r\n',0,1483505678,0),(867,'ae524f133dd5251cee129df32ac70e2b353e702f4c067605ed23ded88ad04ce4\r\n',0,1483505678,0),(868,'519f3ef038d2571590e390f3928f69e4d977bb82d2a5a3fb9f504c02a7f6b34a\r\n',0,1483505678,0),(869,'250926ec74eb857c1d3c51af9888515d8919fbcc1c21a09247aa7e84faea5b37\r\n',0,1483505678,0),(870,'375bf2d8c235594522de292c03fd8605627770f51163a830b951b31b5a8f1d65\r\n',0,1483505678,0),(871,'46d7884565d25b708014c958ebc66513890de3985832d1a6de012e7e8d6ac395\r\n',0,1483505678,0),(872,'46b4fe9d60a77f90f4ff607ba6a859a1201643258929450f60414ce1aac19312\r\n',0,1483505678,0),(873,'8ec594b22854e69125e723dd7393337e23b64c3d20a3415849417895bfb5a88f\r\n',0,1483505678,0),(874,'2f60218e337576c89e48007b5cb216dfff11b7fb4c74470477b56dff28a23465\r\n',0,1483505678,0),(875,'e1e9998d8f5e9ee0ad24075a010b5343ed3ebcefa9af9a3d8514c80902926957\r\n',0,1483505678,0),(876,'cce01a2602871ec246ad36ccdb35253c5a5d746fe20cc1594c9ae37cbf600c02\r\n',0,1483505678,0),(877,'6e6bb4e50ff72590de8c4b774d6ff3234a44e40d3f4cfacba58f803dee3cc4ae\r\n',0,1483505678,0),(878,'e5e1360aa6411f02b8d2b2359424bc8977f337684e1f7b8ef083d1cc63de3c3b\r\n',0,1483505678,0),(879,'e740a002b5daa1b738727788136394314e358988448143a208dc61e6f11720c7\r\n',0,1483505678,0),(880,'dcf68a901cf7f7380e8deedf9a258d1e82fb893774f32f99a10897413bd2ff6e\r\n',0,1483505678,0),(881,'42101629412b65dceb76f254c6bde4bb9bb9c7eb93657779af2c831f44b5c216\r\n',0,1483505678,0),(882,'2c1d70371623cd6eff65f106935cf61a576f5df971a438f14524cfc9ae7b9002\r\n',0,1483505678,0),(883,'af5b54e739a721dc1f9f01b53a8d41c4cba1c5318105e451e19a87843bca10e6\r\n',0,1483505678,0),(884,'bc94ed796174a18667a5d6a596fd89a62c3df418054e8e0ec663c30fffe4a625\r\n',0,1483505678,0),(885,'a3ec46384eeb76bd76c52efb54f8de006958ef5b8d82c65148a92f0522167b36\r\n',0,1483505678,0),(886,'d8977c8286bfe4ac282f5f5081f3c10101820cc0d60a33bdc33ca19c173a07c4\r\n',0,1483505678,0),(887,'3a789ad8333d6e0d100985c4df77f27a56fc2744af32049fc6b13b5f0ff8acbe\r\n',0,1483505678,0),(888,'1d69f055a03cd28d533ef97413b8725764e98fff809953a19a7bcc867b52e29a\r\n',0,1483505678,0),(889,'51df5fe1b73703000dbd48ea5c817e5323d988fb18700971e5845b37ca151638\r\n',0,1483505678,0),(890,'b518de9c388e5a894eee8c5671551869a89f81354b6aadbc4b6466512a60508b\r\n',0,1483505678,0),(891,'86a9acd5fe38e12728b3945c86178ab071697727ba6682363e4531500e040e81\r\n',0,1483505678,0),(892,'fbacdefbee04c95a414ba7e79a5be9f44f3a8ba2803f7b377017c82a57b396a1\r\n',0,1483505678,0),(893,'ea13033d8ff6b288705f6ac88657c861b33f10a24a1cf7ecb8f31d3733034f7a\r\n',0,1483505678,0),(894,'6ffd09319aacac0f9b034b6a44653e356905ae7cbfe5bb7717f1bf59d28d1556\r\n',0,1483505678,0),(895,'f70b4872631d033e3c1d37aaddbaa5550689e4b205a48aec48d6773dd0458fe6\r\n',0,1483505678,0),(896,'19245787dd84896dbdd9cca10214c9e671d1b095f70a32fe0deba19564f9bcf8\r\n',0,1483505678,0),(897,'1ab3fa305a63c9a93c85e70ce2be3649f359048dfd48971da39345918002f9b5\r\n',0,1483505678,0),(898,'bcd2319fed338418fb33736780a3599e7336df7987563c92ad1d90843f70ab61\r\n',0,1483505678,0),(899,'a997ee877858e6528e5c2d5827d35f25535dbd7523b30de63c0159ad68911b69\r\n',0,1483505678,0),(900,'620c713767eba053d0437f2afc347f45388bfd7ed9e586a6a1a48b8c4a29678a\r\n',0,1483505678,0),(901,'1473cede692c5082a1d90ee126611c5cd0ab1d9789d59ab407e7379380ac2b89\r\n',0,1483505678,0),(902,'6deee2b01ed9751f20fa8ebe84e4eb3d0722aaf7d2ccdc29054b2d94afc39971\r\n',0,1483505678,0),(903,'9660184bed43052fae83045396293c0ef77a0f0148248e569ee77e240086af9d\r\n',0,1483505678,0),(904,'f22e83d03c6f1fbd8bc6d4d6602b743a37637685e58325963436044e63eac2b8\r\n',0,1483505678,0),(905,'412c6f60caa89006cb9f914beab366f41d4be4aa071333ba8406aef965adf0e4\r\n',0,1483505678,0),(906,'829806172c9a3cb1604d8a8bed20b5de95a69d5cff05872202efc6f6b264c532\r\n',0,1483505678,0),(907,'ee8fb947dcbebdbbbb0c677aae1479292bc593a062f295af691c20045d71aaf0\r\n',0,1483505678,0);
/*!40000 ALTER TABLE `qr_code` ENABLE KEYS */;
UNLOCK TABLES;

--
-- Table structure for table `tag_info`
--

DROP TABLE IF EXISTS `tag_info`;
/*!40101 SET @saved_cs_client     = @@character_set_client */;
/*!40101 SET character_set_client = utf8 */;
CREATE TABLE `tag_info` (
  `tag_id` varchar(255) NOT NULL DEFAULT '',
  `wine_id` int(10) NOT NULL DEFAULT '0',
  `authentication_key` varchar(64) DEFAULT NULL,
  `open_num` int(10) NOT NULL DEFAULT '0',
  `is_open` tinyint(3) NOT NULL DEFAULT '0',
  `open_time` int(10) NOT NULL DEFAULT '0',
  `open_user_id` int(10) NOT NULL DEFAULT '0',
  `tag_password` varchar(8) DEFAULT NULL,
  PRIMARY KEY (`tag_id`)
) ENGINE=InnoDB DEFAULT CHARSET=latin1;
/*!40101 SET character_set_client = @saved_cs_client */;

--
-- Dumping data for table `tag_info`
--

LOCK TABLES `tag_info` WRITE;
/*!40000 ALTER TABLE `tag_info` DISABLE KEYS */;
INSERT INTO `tag_info` VALUES ('0408EB0A6E4D81',1,'33A34D93E2923C276945163E8E428F31B8A8C1540AA70AAE74923E88E871CB7E',1234,0,1482803233,3,'8DDF776B'),('040C44EA794D81',4,'1236',1234,0,0,0,NULL),('041EEB0A6E4D81',3,'67BDA0D26A1F6AC88BA2AF66B3CE432F155F1188E751E8F65AE2BB1C0414A5F3',1234,0,1481249441,3,'93CD659F'),('04213AEA794D81',4,'804',1234,0,1471017860,3,NULL),('0424220AF04981',1,'12345689',1234,0,1471405312,2,NULL),('042E38EA794D81',4,'833',1234,0,1470890970,3,NULL),('042FD1EAC94881',1,'997BC4163C17189812C6BD2F83F4EFC544902757351AB20E81A9808AC964C17F',1234,0,1484209895,9,'B224E420'),('043FD1EAC94881',2,'76713B47C78A16AC45E14F95F12BD560C9AF7651ADF1C8D9A025483DC9B8E027',1234,0,0,0,'08EC5FAF'),('0440EA0A6E4D80',3,'8412305CFCCA9FB696119360C1B1409B258279E275DCF9C55B7B1726EDF6CDC4',1234,0,0,0,'A03872D4'),('0441EA0A6E4D80',2,'55E0483035228F3B65834C154DB9E419E44847318B8659A6A8413C0690B156E6',1234,0,1482356440,3,'069D9028'),('044D36EA794D81',3,'1007',1234,0,1475733987,2,NULL),('0457EB0A6E4D80',2,'AD32AC8F73251431C3673FD78F3B1D18B33A1C1B0BA2EF5326DB088EC4545651',1234,0,0,0,'483BD2B4'),('045844EA794D81',3,'803',1234,0,1471017830,3,NULL),('0458EB0A6E4D80',3,'82F712D8D8545464E6303DE5A8AD6EDD9FE01FBD9C7B14C0F068782753AAC95E',1234,0,1483424113,3,'4F892196'),('045C32EA794D81',2,'802',1234,0,1471017818,3,NULL),('045E5C22124A80',1,'1234',1234,0,1477183407,15,NULL),('045EEA0A6E4D80',3,'34B3B1820061DF202C0C96C9F0AD96FBD2EAACD880743ADCFD630B55707A5D5A',1234,0,1481490079,3,'0830C69F'),('045FEA0A6E4D80',2,'54CD06B1C28711682DED9A1BCC63521A7ED32437BDF4B085D14B6F30A4F2D5B1',1234,0,0,0,'897D1596'),('046647EA794D80',2,'A275093E62E323086268FCBFFB612251D04F000794B37A908E9C44FA9256C749',1234,0,0,0,'2E10049A'),('046DEB0A6E4D80',3,'93F0FC53DEF60993BA7C29074B48A65C7707D0B1C9033C02F4331115F04D62F7',1234,0,1481680318,3,'113772B9'),('046EE56AEC4A80',4,'04403E74CA73FF068D3BA0E4F5954EB013EB451C80C8593C54C3F18E7D044FB0',1234,0,0,0,'DF3E7810'),('046EEB0A6E4D80',1,'BF07F48A4FBE25BB272AA5499775B9B9E194C122E089144119633F15FCCDCBAE',1234,0,1481671104,3,'70AA4235'),('0478E56AEC4A80',4,'2FCAE8C894607A44F1C4421EE7419ABFF8A13E2F5F6615639C75F00910DB3F79',1234,0,0,0,'7B124DE9'),('047EE56AEC4A80',4,'147183EEFEF2E6C196BF8EBC2EA3931F490FCF524A31CB5D87FB9AFC541E6D34',1234,0,0,0,'F68DEC83'),('0483EB0A6E4D80',1,'5B33757DA1C5B6FA76F433CFA4EB6987DBA9A488ECD4204D73C4D0CC4F0A1E24',1234,0,1481615410,12,'195B4FF4'),('0487E66AEC4A80',2,'068ABA8EBD9E586C97C09722AFA5F6D9CDC77A20475683DB3E086F719E8AB6D8',1234,0,0,0,'D7225CF3'),('048AEA0A6E4D80',2,'000102030405060708090A0B0C0D0E0F101112131415161718191A1B1C1D1E1F',1234,0,0,0,'AABBCCDD'),('0494E86AEC4A80',3,'402127ED81346D0FB97B93865C8AB02594E74F637277FEED2B1F1CB612CBC019',1234,0,0,0,'48DE306B'),('0499EB0A6E4D80',1,'C3942AB16C0A560525FAEA5358A6753BD624857D50D317EBF22DB9A80676BAC0',1234,0,1481489390,3,'0BA2F833'),('049AEB0A6E4D80',2,'B49A2DFC8ED9EC4D568237D37C436E43C55304B3587E18D6AD3C0698AF2F042A',1234,0,0,0,'A4B34B85'),('049DE66AEC4A80',4,'21BB4D25786A05E6F93153439966C49A99C5EF93880A814EDAB6E4E91DB71A3A',1234,0,0,0,'D76EA940'),('049ED36AEC4A80',4,'690D98AAB657EF31A4E1EC7432822E0020760414A62B046192DA37D84535233F',1234,0,0,0,'43D9CD2B'),('049ED86AEC4A80',4,'56094756E1F16A9F352353F8C8B69E89BE0DE4FA82C72361F527BF10628C2A4B',1234,0,0,0,'417B13C9'),('049EDD6AEC4A80',4,'F8F017916DD228C858EDAC6739AEA6E4528A92B757BE36D55FD7748A7296497B',1234,0,0,0,'FB124DBF'),('049EE26AEC4A80',4,'A20589FD0374C7A5356907CCB2797510C21DFE9918EFB9D7FE05C0E1C7EBD9D1',1234,0,0,0,'5222B8F3'),('04A1D06AEC4A80',4,'FE5E3ABE1D91A32E068EDB0FBE16BF4F2D91D84B84323AFF3C7351EDA99DF008',1234,0,0,0,'2CF909F6'),('04A1EA0A6E4D80',3,'C0ABFEAC2052C8F6EC8FD938403E26B7C170229B0D3C81C8CCA4B86E07A5575A',1234,0,0,0,'A95E609A'),('04A6D06AEC4A80',4,'F55372109368410EA9DB97D5D3EC68AA2BD4C65285E5AD23EDDCEC531A209012',1234,0,0,0,'C092CC64'),('04A7250AF04980',1,'87654321',1234,0,0,0,NULL),('04ABD06AEC4A80',4,'823601B80C0EC62A415BA829939284418FC49079A367F5C00385E13D68201320',1234,0,0,0,'11EB26BD'),('04AFEB0A6E4D80',2,'C8DBE9CA51C0A5569CBECC688BAF7EA38981A3AADB4B4C8DDDD348139BCFB52F',1234,0,0,0,'9F933FD6'),('04BFD06AEC4A80',4,'EEE0CDCD391F13D8F53B08837E895134F1CEC5B5245F13B17E9AC42B8D130975',1234,0,0,0,'8EBC538D'),('04C5EB0A6E4D80',2,'2A083F364984569767D4742A4C43E8ABA69BFDDE595DB77B5B31AFF412DD3793',1234,0,0,0,'2D67FEF1'),('04C6EB0A6E4D80',1,'4D7913AA4FBD7B27A3143C45D78C223E2114030D65EF7F1AAD26301D8B7B0726',1234,0,0,0,'4CE239CF'),('04C837EA794D80',1,'C66DDC8779A68838B5808F07A9F6D0D11303B9F0A86FEDA81C6B40B2A607BE19',1234,0,0,0,'ED82760E'),('04D736EA794D80',2,'123542',1234,0,1471837761,2,NULL),('04DBEB0A6E4D80',2,'4B7F5F2F96F610D60B89CA8E561C099E198B813D084E5DDCAF439E0E75B2DFE0',1234,0,1481094420,2,'134DE3D7'),('04DCEB0A6E4D80',2,'25812A385B330482D979C1E21BA1F1331B757404E2CA1E18802DFC92436950DA',1234,0,0,0,'8C6E61F8'),('04E46F92173C80',2,'3',1234,0,0,0,NULL),('04ED230AF04980',2,'820',1234,0,1475449454,2,NULL),('04FC230AF04980',2,'810',1234,0,0,0,NULL);
/*!40000 ALTER TABLE `tag_info` ENABLE KEYS */;
UNLOCK TABLES;

--
-- Table structure for table `tag_info_test`
--

DROP TABLE IF EXISTS `tag_info_test`;
/*!40101 SET @saved_cs_client     = @@character_set_client */;
/*!40101 SET character_set_client = utf8 */;
CREATE TABLE `tag_info_test` (
  `tag_id` varchar(255) NOT NULL,
  `wine_id` int(10) DEFAULT '0',
  `authentication_key` varchar(64) DEFAULT NULL,
  `open_num` int(10) DEFAULT '0',
  `is_open` tinyint(3) DEFAULT '0',
  `open_time` int(10) DEFAULT '0',
  `open_user_id` int(10) DEFAULT '0',
  `tag_password` varchar(8) DEFAULT NULL,
  PRIMARY KEY (`tag_id`)
) ENGINE=InnoDB DEFAULT CHARSET=latin1;
/*!40101 SET character_set_client = @saved_cs_client */;

--
-- Dumping data for table `tag_info_test`
--

LOCK TABLES `tag_info_test` WRITE;
/*!40000 ALTER TABLE `tag_info_test` DISABLE KEYS */;
INSERT INTO `tag_info_test` VALUES ('0475EA0A6E4D80',3,'3C86954CBD137D802C79A532720FDEBF4DCE6876A35BCC8BE142AF9CDA2C8BEF',0,0,0,0,'27624018'),('048BEA0A6E4D80',2,'8A02B97733859A98033CA64BD5BAB4F2C41B6AA988FBC481DEB7BDE8CFB9CF01',0,0,0,0,'4D69003B'),('04A0EA0A6E4D80',1,'71720A43FCDA4C7A90112FC8C540C52799B6A190E19DDF2945A84929BD9A36A4',0,0,0,0,'DD75AF91'),('AAABBB',1,'456',0,0,0,0,'123'),('AAABBC',1,'456',0,0,0,0,'123'),('AAABBD',2,'456',0,0,0,0,'123');
/*!40000 ALTER TABLE `tag_info_test` ENABLE KEYS */;
UNLOCK TABLES;

--
-- Table structure for table `third_platform_logins`
--

DROP TABLE IF EXISTS `third_platform_logins`;
/*!40101 SET @saved_cs_client     = @@character_set_client */;
/*!40101 SET character_set_client = utf8 */;
CREATE TABLE `third_platform_logins` (
  `id` bigint(20) NOT NULL AUTO_INCREMENT COMMENT 'third login PK',
  `third_platform_name` varchar(20) CHARACTER SET latin1 NOT NULL DEFAULT 'wechat' COMMENT 'third login channel : ex , wechat , google , facebook , qq',
  `third_platform_user_id` varchar(100) CHARACTER SET latin1 NOT NULL COMMENT 'third login platform id',
  `user_id` int(11) NOT NULL COMMENT 'own user id .',
  `last_login_time` bigint(20) NOT NULL,
  `registration_time` bigint(20) NOT NULL,
  PRIMARY KEY (`id`),
  KEY `fk_user_id` (`user_id`),
  KEY `idx_third_platform_id` (`third_platform_user_id`),
  CONSTRAINT `fk_user_id` FOREIGN KEY (`user_id`) REFERENCES `user_account_info` (`user_id`)
) ENGINE=InnoDB AUTO_INCREMENT=22 DEFAULT CHARSET=utf8;
/*!40101 SET character_set_client = @saved_cs_client */;

--
-- Dumping data for table `third_platform_logins`
--

LOCK TABLES `third_platform_logins` WRITE;
/*!40000 ALTER TABLE `third_platform_logins` DISABLE KEYS */;
INSERT INTO `third_platform_logins` VALUES (1,'wechat','oVISCwX4Ls4b7mJ6p1jxP9AODPOE',10,1474522735,1474522735),(2,'wechat','oVISCwWpAgu68XHFKRULdb5hJbfo',11,1474960667,1474960667),(3,'wechat','oVISCwVsybymqS3oe8nreKDiai9Y',12,1475477464,1475477464),(4,'wechat','oVISCwVezIpZwRFmWEgfWUPmJltk',14,1475731422,1475731422),(5,'wechat','oVISCwQCAGNEVEYbgNx4uAKhFxBM',15,1477183365,1477183365),(6,'wechat','oVISCwWAbPIRjkZcFuhC3h1wLFM8',17,1482637568,1482637568),(20,'wechat','oVISCwVCS3ZRdbnAgGhPdW2fXsTA',34,1484207400,1484207400),(21,'wechat','oVISCwZTnTK_JJ6KS7CbF9kr4Grg',38,1484294756,1484294756);
/*!40000 ALTER TABLE `third_platform_logins` ENABLE KEYS */;
UNLOCK TABLES;

--
-- Table structure for table `user_account_info`
--

DROP TABLE IF EXISTS `user_account_info`;
/*!40101 SET @saved_cs_client     = @@character_set_client */;
/*!40101 SET character_set_client = utf8 */;
CREATE TABLE `user_account_info` (
  `user_id` int(10) NOT NULL AUTO_INCREMENT,
  `user_name` varchar(255) NOT NULL DEFAULT '',
  `email` varchar(255) NOT NULL DEFAULT '',
  `password` varchar(255) NOT NULL DEFAULT '',
  `last_login_time` int(11) NOT NULL DEFAULT '0',
  `registration_time` int(11) NOT NULL DEFAULT '0',
  `last_name` varchar(255) NOT NULL DEFAULT '',
  `first_name` varchar(255) NOT NULL DEFAULT '',
  `sex` varchar(20) NOT NULL DEFAULT '',
  `age` int(11) NOT NULL DEFAULT '0',
  `year_of_birth` int(11) NOT NULL DEFAULT '0',
  `month_of_birth` int(11) NOT NULL DEFAULT '0',
  `day_of_birth` int(11) NOT NULL DEFAULT '0',
  `show_profile_to_stranger` tinyint(1) DEFAULT '1',
  `head_image_url` text NOT NULL,
  PRIMARY KEY (`user_id`)
) ENGINE=InnoDB AUTO_INCREMENT=41 DEFAULT CHARSET=latin1;
/*!40101 SET character_set_client = @saved_cs_client */;

--
-- Dumping data for table `user_account_info`
--

LOCK TABLES `user_account_info` WRITE;
/*!40000 ALTER TABLE `user_account_info` DISABLE KEYS */;
INSERT INTO `user_account_info` VALUES (1,'yaoliu','yliu182@gmail.com','password',1466373735,1466373735,'','','m',0,0,0,0,1,'http://54.67.111.151/uploads/uploads/1.png'),(2,'zhaoyuzhang','zhangzhaoyu1985@gmail.com','password',1466373735,1466373735,'Zhang','Zhaoyu','m',0,1985,11,11,1,'http://54.67.111.151/uploads/uploads/2.png'),(3,'qingli','qing0325@gmail.com','password',1466373735,1466373735,'Li','Qing','f',0,0,0,0,0,''),(4,'mingfu','soybean217@gmail.com','password',1466373735,1466373735,'','','m',0,0,0,0,1,''),(5,'haoliu','haoliu.ucsd@gmail.com','password',1466373735,1466373735,'','','m',0,0,0,0,1,''),(7,'zhaoyuzhang2','zhangzhaoyu2@test.com','123456',1471406446,1471406446,'','','',0,0,0,0,1,''),(8,'jerrychenw','jerrychenw@gmail.com','vettel1987',1471625561,1471625561,'','','m',0,0,0,0,1,''),(9,'testfm','13565644@qq.com','testfm',1471944504,1471944504,'','','',0,0,0,0,1,''),(10,'','','',1474522735,1474522735,'','','',0,0,0,0,1,''),(11,'','','',1474960667,1474960667,'','','',0,0,0,0,1,''),(12,'','','',1475477464,1475477464,'','','',0,0,0,0,1,''),(13,'AndyLau','andy.lau@i-cg.com','andy1234',1475731326,1475731326,'','','',0,0,0,0,1,''),(14,'','','',1475731422,1475731422,'','','',0,0,0,0,1,''),(15,'','','',1477183365,1477183365,'','','',0,0,0,0,1,''),(16,'arthurchen','s810011@gmail.com','arthurchen',1482398027,1482398027,'','','',0,0,0,0,0,''),(17,'','','',1482637568,1482637568,'','','',0,0,0,0,1,''),(18,'jackchen','s810434@gmail.com','password',1483011950,1483011950,'','','',0,0,0,0,1,''),(19,'arthurtest','arthurtest@gmail.com','arthurtest',1483355133,1483355133,'','','',0,0,0,0,1,''),(20,'','','',1484040187,1484040187,'','','',0,0,0,0,1,''),(21,'tester1','tester1@gmail.com','tester1',1484115042,1484115042,'','','',0,0,0,0,1,''),(22,'','','',1484197756,1484197756,'','','',0,0,0,0,1,''),(23,'','','',1484198102,1484198102,'','','',0,0,0,0,1,''),(24,'','','',1484198332,1484198332,'','','',0,0,0,0,1,''),(25,'','','',1484198538,1484198538,'','','',0,0,0,0,1,''),(26,'','','',1484198718,1484198718,'','','',0,0,0,0,1,''),(27,'','','',1484198889,1484198889,'','','',0,0,0,0,1,''),(28,'','','',1484198995,1484198995,'','','',0,0,0,0,1,''),(29,'','','',1484199108,1484199108,'','','',0,0,0,0,1,''),(30,'','','',1484199281,1484199281,'','','',0,0,0,0,1,''),(31,'','','',1484205322,1484205322,'','','',0,0,0,0,1,''),(32,'','','',1484205700,1484205700,'','','',0,0,0,0,1,''),(33,'oVISCwVCS3ZRdbnAgGhPdW2fXsTA','','',1484206330,1484206330,'','xxx','f',0,0,0,0,1,'aaa'),(34,'oVISCwVCS3ZRdbnAgGhPdW2fXsTA','','',1484207400,1484207400,'','Jack','m',0,0,0,0,0,'http://wx.qlogo.cn/mmopen/w9XR9veTE3EGPAdXPEnP8ylUS0HUCVibMNu6fYEiciaZAia9TjEkdOCBlicdiboYT7yLEKgWOCp2km3SzXNSPQreMWKrSJKheDRlTd/0'),(35,'test1','s810434@fake.com','password',1484286714,1484286714,'','','',0,0,0,0,0,''),(36,'tester2','tester2@gmail.com','tester2',1484286923,1484286923,'','','',0,0,0,0,1,''),(37,'tester3','tester3@gmail.com','tester3',1484288718,1484288718,'','','',0,0,0,0,1,''),(38,'oVISCwZTnTK_JJ6KS7CbF9kr4Grg','','',1484294756,1484294756,'','Arthur Chen','m',0,0,0,0,0,'http://wx.qlogo.cn/mmopen/r7eu5ibpjQr8OianQ52XbYs0BocRgteTdl576vZaDnBjMvEdd9WFkNIxia0jvZ1XumfZwMxzH5g7AeBeKk2NK8OIJ5IjoIeRT7t/0'),(39,'tester5','tester5@gmail.com','tester5',1484377868,1484377868,'','','',0,0,0,0,1,''),(40,'tester6','tester6@gmail.com','tester6',1484378708,1484378708,'','','',0,0,0,0,1,'');
/*!40000 ALTER TABLE `user_account_info` ENABLE KEYS */;
UNLOCK TABLES;

--
-- Table structure for table `user_following_relation`
--

DROP TABLE IF EXISTS `user_following_relation`;
/*!40101 SET @saved_cs_client     = @@character_set_client */;
/*!40101 SET character_set_client = utf8 */;
CREATE TABLE `user_following_relation` (
  `id` int(10) unsigned NOT NULL AUTO_INCREMENT,
  `user_id` int(11) NOT NULL,
  `follower_id` int(11) NOT NULL,
  `enabled` tinyint(1) DEFAULT NULL,
  PRIMARY KEY (`id`),
  KEY `user_id` (`user_id`,`follower_id`),
  KEY `follower_id` (`follower_id`),
  CONSTRAINT `user_following_relation_ibfk_1` FOREIGN KEY (`user_id`) REFERENCES `user_account_info` (`user_id`) ON DELETE CASCADE,
  CONSTRAINT `user_following_relation_ibfk_2` FOREIGN KEY (`follower_id`) REFERENCES `user_account_info` (`user_id`) ON DELETE CASCADE
) ENGINE=InnoDB AUTO_INCREMENT=33 DEFAULT CHARSET=latin1;
/*!40101 SET character_set_client = @saved_cs_client */;

--
-- Dumping data for table `user_following_relation`
--

LOCK TABLES `user_following_relation` WRITE;
/*!40000 ALTER TABLE `user_following_relation` DISABLE KEYS */;
INSERT INTO `user_following_relation` VALUES (1,1,2,1),(2,1,3,1),(3,1,4,1),(4,2,1,1),(6,2,4,1),(7,3,1,1),(9,3,4,1),(11,3,2,1),(12,1,15,1),(13,2,15,1),(14,2,3,1),(20,4,2,0),(21,3,13,1),(22,13,3,1),(23,3,12,1),(24,3,16,1),(25,4,18,1),(26,3,18,1),(27,16,3,1),(28,3,38,1),(29,38,3,1),(30,2,38,1),(31,2,34,1),(32,3,34,1);
/*!40000 ALTER TABLE `user_following_relation` ENABLE KEYS */;
UNLOCK TABLES;

--
-- Table structure for table `user_reward_history`
--

DROP TABLE IF EXISTS `user_reward_history`;
/*!40101 SET @saved_cs_client     = @@character_set_client */;
/*!40101 SET character_set_client = utf8 */;
CREATE TABLE `user_reward_history` (
  `id` int(10) unsigned NOT NULL AUTO_INCREMENT,
  `user_id` int(11) NOT NULL,
  `action_type` tinyint(4) NOT NULL,
  `object_id` int(11) NOT NULL DEFAULT '0',
  `point` smallint(6) NOT NULL,
  `time_created` int(11) NOT NULL DEFAULT '0',
  PRIMARY KEY (`id`),
  KEY `user_id` (`user_id`,`action_type`,`object_id`)
) ENGINE=InnoDB AUTO_INCREMENT=40 DEFAULT CHARSET=latin1;
/*!40101 SET character_set_client = @saved_cs_client */;

--
-- Dumping data for table `user_reward_history`
--

LOCK TABLES `user_reward_history` WRITE;
/*!40000 ALTER TABLE `user_reward_history` DISABLE KEYS */;
INSERT INTO `user_reward_history` VALUES (38,3,1,1,1,1482803093),(39,3,2,0,5,1482803233);
/*!40000 ALTER TABLE `user_reward_history` ENABLE KEYS */;
UNLOCK TABLES;

--
-- Table structure for table `user_reward_point`
--

DROP TABLE IF EXISTS `user_reward_point`;
/*!40101 SET @saved_cs_client     = @@character_set_client */;
/*!40101 SET character_set_client = utf8 */;
CREATE TABLE `user_reward_point` (
  `id` int(10) unsigned NOT NULL AUTO_INCREMENT,
  `user_id` int(11) NOT NULL,
  `winery_id` int(11) NOT NULL DEFAULT '1',
  `point` int(11) NOT NULL DEFAULT '0',
  `time_updated` int(11) NOT NULL DEFAULT '0',
  PRIMARY KEY (`id`),
  KEY `user_id` (`user_id`)
) ENGINE=InnoDB AUTO_INCREMENT=28 DEFAULT CHARSET=utf8;
/*!40101 SET character_set_client = @saved_cs_client */;

--
-- Dumping data for table `user_reward_point`
--

LOCK TABLES `user_reward_point` WRITE;
/*!40000 ALTER TABLE `user_reward_point` DISABLE KEYS */;
INSERT INTO `user_reward_point` VALUES (19,3,1,6,1482803233),(20,1,1,4,1482803233),(21,2,1,10,1482803233),(22,4,1,8,1482803233),(23,5,1,5,1482803233),(24,6,1,9,1482803233),(25,7,1,10,1482803233),(26,8,1,2,1482803233),(27,9,1,10,1482803233);
/*!40000 ALTER TABLE `user_reward_point` ENABLE KEYS */;
UNLOCK TABLES;

--
-- Table structure for table `wine_basic_info_chinese`
--

DROP TABLE IF EXISTS `wine_basic_info_chinese`;
/*!40101 SET @saved_cs_client     = @@character_set_client */;
/*!40101 SET character_set_client = utf8 */;
CREATE TABLE `wine_basic_info_chinese` (
  `wine_id` int(10) NOT NULL DEFAULT '0',
  `wine_name` varchar(255) NOT NULL DEFAULT '',
  `winery_name` varchar(255) NOT NULL DEFAULT '',
  `winery_location` varchar(255) NOT NULL DEFAULT '',
  `national_flag_url` varchar(255) NOT NULL DEFAULT '',
  `wine_info` text NOT NULL,
  `food_pairing_info` text NOT NULL,
  `cellaring_info` text NOT NULL,
  `food_paring_pic_text` varchar(255) NOT NULL DEFAULT '',
  `food_paring_pic_url` varchar(255) DEFAULT NULL,
  `region_name` varchar(255) NOT NULL DEFAULT '',
  `region_info` text NOT NULL,
  `winery_web_url` varchar(255) NOT NULL DEFAULT '',
  `winery_logo_pic_url` varchar(255) NOT NULL DEFAULT '',
  `grape_info` varchar(255) NOT NULL DEFAULT '',
  `wine_pic_url` varchar(255) DEFAULT NULL,
  `year` int(4) DEFAULT NULL,
  PRIMARY KEY (`wine_id`)
) ENGINE=MyISAM DEFAULT CHARSET=utf8;
/*!40101 SET character_set_client = @saved_cs_client */;

--
-- Dumping data for table `wine_basic_info_chinese`
--

LOCK TABLES `wine_basic_info_chinese` WRITE;
/*!40000 ALTER TABLE `wine_basic_info_chinese` DISABLE KEYS */;
INSERT INTO `wine_basic_info_chinese` VALUES (3,'恋酒人 赤霞珠','帖木儿','澳大利亚新南威尔士奥兰治葡萄酒产区','http://54.67.111.151/pics/wine_info/wine3_2010_res_chamborcin/national_flag.png','黑醋栗， 草莓酱和森林地面的香气，丰富的混合浆果口味，持久的雪松橡木单宁的余韵。','搭配牛排和烤红肉菜肴，口味更佳。','可在低于20摄氏度环境下贮藏十年以上','烤牛排配意大利青酱#黑莓牛柳#亚式烤羊肉肋骨#苏格兰炖牛肉','http://54.67.111.151/pics/wine_info/wine3_2010_res_chamborcin/food_pair_pics/salsa_verde_steak.jpg#http://54.67.111.151/pics/wine_info/wine3_2010_res_chamborcin/food_pair_pics/beef_tenderloin_with_blackberry.jpg#http://54.67.111.151/pics/wine_info/wine3_2','奥兰治','澳大利亚海拔最高的葡萄酒产区,距离悉尼 4 个小 时车程。围绕死火山拉斯山,海拔870 米。肥沃的火山玄武岩土壤,结合四季分明的气候,在那个海拔高度,为生产带有优雅结构和强烈水果特色的葡萄酒提供了完美的平衡。这些酒包括:干白系列的莎当妮,雷司令和长相思;干红系列的赤霞珠,设拉子,梅乐,马贝克和由品丽珠和歌海娜混合酿成的酒,都非常适合高海拔气候,并带有显著特色,具有陈酿的潜力.','','http://54.67.111.151/pics/wine_info/wine3_2010_res_chamborcin/tamburlance_logo_white.png','100%有机／生物动力认证的的赤霞珠','http://54.67.111.151/pics/wine_info/wine3_2010_res_chamborcin/wine_3.png',2010),(2,'珍藏级 马贝克','帖木儿','澳大利亚新南威尔士奥兰治葡萄酒产区','http://54.67.111.151/pics/wine_info/wine2_2010_res_ormalbec/national_flag.png','黑莓和薄荷，花香以及雪松橡木气味。有野生浆果和果酱的味道，口感持久。','搭配格子烤的牛排或肋骨，或者搭配豆焖肉（炖的一种扁豆，里面放香肠，鸭肉或其它肉类）。也可搭配浓烈，成熟的切达奶酪。','可在低于20摄氏度的酒窖中储存十年以上','甜酱烤牛肋骨#中式番石榴烧烤酱排骨#黑椒巴法罗蓝乳酪汉堡','http://54.67.111.151/pics/wine_info/wine2_2010_res_ormalbec/food_pair_pics/beefribs.jpg#http://54.67.111.151/pics/wine_info/wine2_2010_res_ormalbec/food_pair_pics/guavabbq.jpg#http://54.67.111.151/pics/wine_info/wine2_2010_res_ormalbec/food_pair_pics/perf','奥兰治','澳大利亚海拔最高的葡萄酒产区,距离悉尼 4 个小 时车程。围绕死火山拉斯山,海拔870 米。肥沃的火山玄武岩土壤,结合四季分明的气候,在那个海拔高度,为生产带有优雅结构和强烈水果特色的葡萄酒提供了完美的平衡。这些酒包括:干白系列的莎当妮,雷司令和长相思;干红系列的赤霞珠,设拉子,梅乐,马贝克和由品丽珠和歌海娜混合酿成的酒,都非常适合高海拔气候,并带有显著特色,具有陈酿的潜力.','','http://54.67.111.151/pics/wine_info/wine1_2012_cabernet_merlot/tamburlance_logo_white.png','100%有机／生物动力认证的马贝克。 这款出自于奥兰治产区的收藏级马贝克由澳大利亚最高海拔地带种植的马贝克葡萄酿造而成，有低海拔地带葡萄没有的独特风格。','http://54.67.111.151/pics/wine_info/wine2_2010_res_ormalbec/wine_2.png',2010),(1,'勇士王子 卡本内梅乐','帖木儿','澳大利亚新南威尔士奥兰治葡萄酒产区','http://54.67.111.151/pics/wine_info/wine1_2012_cabernet_merlot/national_flag.png','黑醋栗的香气，香甜的浓缩深色浆果味，由层层精细的单宁支撑','蘑菇，帕玛森干酪，意大利烤鸡千层面，波隆那肉酱意大利面是非常好的搭配','可在低于20摄氏度环境下贮藏七年','picture 1#picture 2#picture 3','http://54.67.111.151/pics/wine_info/wine1_2012_cabernet_merlot/food_pair_pics/pic1_name_tbd.png#http://54.67.111.151/pics/wine_info/wine1_2012_cabernet_merlot/food_pair_pics/pic2_name_tbd.png#http://54.67.111.151/pics/wine_info/wine1_2012_cabernet_merlot/','奥兰治','澳大利亚海拔最高的葡萄酒产区,距离悉尼 4 个小 时车程。围绕死火山拉斯山,海拔870 米。肥沃的火山玄武岩土壤,结合四季分明的气候,在那个海拔高度,为生产带有优雅结构和强烈水果特色的葡萄酒提供了完美的平衡。这些酒包括:干白系列的莎当妮,雷司令和长相思;干红系列的赤霞珠,设拉子,梅乐,马贝克和由品丽珠和歌海娜混合酿成的酒,都非常适合高海拔气候,并带有显著特色,具有陈酿的潜力.','','http://54.67.111.151/pics/wine_info/wine1_2012_cabernet_merlot/tamburlance_logo_white.png','100%有机／生物动力认证的的赤霞珠和梅乐','http://54.67.111.151/pics/wine_info/wine1_2012_cabernet_merlot/wine_1.png',2012),(4,'勇士王子 设拉子','帖木儿','澳大利亚新南威尔士奥兰治葡萄酒产区','http://54.67.111.151/pics/wine_info/wine4_2012_shiraz/national_flag.png','成熟的红色浆果香味，丰富辛香的口感，柔滑的雪松橡木余韵。',' 搭配牛肉和羊肉，风味绝佳。','可在低于20摄氏度环境下贮藏七年以上','烤羊肉#烤牛排#炖牛肉#烤牛腩','http://54.67.111.151/pics/wine_info/wine4_2012_shiraz/food_pair_pics/pic1_tbd.jpg#http://54.67.111.151/pics/wine_info/wine4_2012_shiraz/food_pair_pics/beef_stew.jpg#http://54.67.111.151/pics/wine_info/wine4_2012_shiraz/food_pair_pics/beef_brisket.jpg#http','奥兰治','澳大利亚海拔最高的葡萄酒产区,距离悉尼 4 个小 时车程。围绕死火山拉斯山,海拔870 米。肥沃的火山玄武岩土壤,结合四季分明的气候,在那个海拔高度,为生产带有优雅结构和强烈水果特色的葡萄酒提供了完美的平衡。这些酒包括:干白系列的莎当妮,雷司令和长相思;干红系列的赤霞珠,设拉子,梅乐,马贝克和由品丽珠和歌海娜混合酿成的酒,都非常适合高海拔气候,并带有显著特色,具有陈酿的潜力.','','http://54.67.111.151/pics/wine_info/wine1_2012_cabernet_merlot/tamburlance_logo_white.png','100%有机／生物动力认证的设拉子','http://54.67.111.151/pics/wine_info/wine4_2012_shiraz/wine_4.png',2012);
/*!40000 ALTER TABLE `wine_basic_info_chinese` ENABLE KEYS */;
UNLOCK TABLES;

--
-- Table structure for table `wine_basic_info_english`
--

DROP TABLE IF EXISTS `wine_basic_info_english`;
/*!40101 SET @saved_cs_client     = @@character_set_client */;
/*!40101 SET character_set_client = utf8 */;
CREATE TABLE `wine_basic_info_english` (
  `wine_id` int(10) NOT NULL DEFAULT '0',
  `wine_name` varchar(255) NOT NULL DEFAULT '',
  `winery_name` varchar(255) NOT NULL DEFAULT '',
  `winery_location` varchar(255) NOT NULL DEFAULT '',
  `national_flag_url` varchar(255) NOT NULL DEFAULT '',
  `wine_info` text NOT NULL,
  `food_pairing_info` text NOT NULL,
  `cellaring_info` text NOT NULL,
  `food_paring_pic_text` varchar(255) NOT NULL DEFAULT '',
  `food_paring_pic_url` varchar(500) DEFAULT NULL,
  `region_name` varchar(255) NOT NULL DEFAULT '',
  `region_info` text NOT NULL,
  `winery_web_url` varchar(255) NOT NULL DEFAULT '',
  `winery_logo_pic_url` varchar(255) NOT NULL DEFAULT '',
  `grape_info` varchar(255) NOT NULL DEFAULT '',
  `wine_pic_url` varchar(255) DEFAULT NULL,
  `year` int(4) DEFAULT NULL,
  PRIMARY KEY (`wine_id`)
) ENGINE=InnoDB DEFAULT CHARSET=latin1;
/*!40101 SET character_set_client = @saved_cs_client */;

--
-- Dumping data for table `wine_basic_info_english`
--

LOCK TABLES `wine_basic_info_english` WRITE;
/*!40000 ALTER TABLE `wine_basic_info_english` DISABLE KEYS */;
INSERT INTO `wine_basic_info_english` VALUES (1,'Warrior Prince Cabernet Merlot','Tamburlaine','Orange, NSW, Australia','http://54.67.111.151/pics/wine_info/wine1_2012_cabernet_merlot/national_flag.png','<TBD>Rich dried fruit, blackberry and vanillin oak; concentrated palate of wild berries with mocha tones and a long velvet-soft finish.','<TBD>A perfect match to veal and pasta dishes.','7 years in a cell < 20 C','picture 1#picture 2#picture 3 ','http://54.67.111.151/pics/wine_info/wine1_2012_cabernet_merlot/food_pair_pics/pic1_name_tbd.png#http://54.67.111.151/pics/wine_info/wine1_2012_cabernet_merlot/food_pair_pics/pic2_name_tbd.png#http://54.67.111.151/pics/wine_info/wine1_2012_cabernet_merlot/food_pair_pics/pic3_name_tbd.png#http://54.67.111.151/pics/wine_info/wine1_2012_cabernet_merlot/food_pair_pics/pic4_name_tbd.png','Orange Wine Region','The Orange Wine Region\'s high altitude regions provide us with long slow ripening and extended fruit hang time; so important in developing true varietal characters and flavors. The volcanic red soils of our vineyards are ideal for growing complex Merlot with well balanced tannin structure and full fruit flavor.','','http://54.67.111.151/pics/wine_info/wine1_2012_cabernet_merlot/tamburlance_logo_white.png','100% Organically Certificated Cabernet & Merlot','http://54.67.111.151/pics/wine_info/wine1_2012_cabernet_merlot/wine_1.png',2012),(2,'Reserve Malbec','Tamburlaine','Orange, NSW, Australia','http://54.67.111.151/pics/wine_info/wine2_2010_res_ormalbec/national_flag.png','The wine\'s aroma is characterized by blackberry, mint and floral hints with supporting cedary oak. Wild berries and jam persist on the palate.','The wine is perfect to grilled steak, ribs, or other meat stew with beans. It goes well with sharp cheddar cheese too.','More than 10 years in a cell < 20 C','Sticky Barbecued Beef Ribs#Chinese-Style Ribs with Guava Barbeque Sauce#Black Pepper Buffalo Burgers with Blue Cheese','http://54.67.111.151/pics/wine_info/wine2_2010_res_ormalbec/food_pair_pics/beefribs.jpg#http://54.67.111.151/pics/wine_info/wine2_2010_res_ormalbec/food_pair_pics/guavabbq.jpg#http://54.67.111.151/pics/wine_info/wine2_2010_res_ormalbec/food_pair_pics/perfect-blue-cheese-burger-by-mikko-kuhna.jpg','Orange Wine Region','The Orange Wine Region\'s high altitude regions provide us with long slow ripening and extended fruit hang time; so important in developing true varietal characters and flavors. The volcanic red soils of our vineyards are ideal for growing complex Merlot with well balanced tannin structure and full fruit flavor.',' ','http://54.67.111.151/pics/wine_info/wine2_2010_res_ormalbec/tamburlance_logo_white.png','100% Organically Certified Malbec.The Reserve Malbec from the Orange region comes from some of the highest altitude Malbec vines in Australia, resulting in a truly unique style of wine rarely seen from downunder. ','http://54.67.111.151/pics/wine_info/wine2_2010_res_ormalbec/wine_2.png',2010),(3,'Wine Lovers Cabernet Sauvignon','Tamburlaine','Orange, NSW, Australia','http://54.67.111.151/pics/wine_info/wine3_2010_res_chamborcin/national_flag.png','Blackcurrant, strawberry jam and forest floor aromas. Rich mixed berry palate with persistent cedary oak tannin finish.','It goes well with almost any meat -- lamb, beef, smoked meats. It can also be paired with French, American, firm cheeses like aged cheddar and hard cheeses like Pecorino.','7 years in a cell < 20 C','Grilled Steak with Salsa Verde#Beef Tenderloin with Blackberry#Asian BBQ Lamb#Scottish Beef Stew','http://54.67.111.151/pics/wine_info/wine3_2010_res_chamborcin/food_pair_pics/salsa_verde_steak.jpg#http://54.67.111.151/pics/wine_info/wine3_2010_res_chamborcin/food_pair_pics/beef_tenderloin_with_blackberry.jpg#http://54.67.111.151/pics/wine_info/wine3_2010_res_chamborcin/food_pair_pics/asian_bbq_ribs.jpg#http://54.67.111.151/pics/wine_info/wine3_2010_res_chamborcin/food_pair_pics/scottish_beef_stew.png','Orange Wine Region','The Orange Wine Region\'s high altitude regions provide us with long slow ripening and extended fruit hang time; so important in developing true varietal characters and flavors. The volcanic red soils of our vineyards are ideal for growing complex Merlot with well balanced tannin structure and full fruit flavor.',' ','http://54.67.111.151/pics/wine_info/wine3_2010_res_chamborcin/tamburlance_logo_white.png','100% Organically Certificated Cabernet Sauvignon','http://54.67.111.151/pics/wine_info/wine3_2010_res_chamborcin/wine_3.png',2010),(4,'Warrior Prince Shiraz','Tamburlaine','Orange, NSW, Australia','http://54.67.111.151/pics/wine_info/wine4_2012_shiraz/national_flag.png','<TBD>Rich dried fruit, blackberry and vanillin oak; concentrated palate of wild berries with mocha tones and a long velvet-soft finish.','<TBD>A perfect match to veal and pasta dishes.','7 years in a cell < 20 C','picture 1#picture 2#picture 3#picture 4 ','http://54.67.111.151/pics/wine_info/wine4_2012_shiraz/food_pair_pics/pic1_tbd.jpg#http://54.67.111.151/pics/wine_info/wine4_2012_shiraz/food_pair_pics/beef_stew.jpg#http://54.67.111.151/pics/wine_info/wine4_2012_shiraz/food_pair_pics/beef_brisket.jpg#http://54.67.111.151/pics/wine_info/wine4_2012_shiraz/food_pair_pics/london_broil_whole.jpg','Orange Wine Region','The Orange Wine Region\'s high altitude regions provide us with long slow ripening and extended fruit hang time; so important in developing true varietal characters and flavors. The volcanic red soils of our vineyards are ideal for growing complex Merlot with well balanced tannin structure and full fruit flavor.',' ','http://54.67.111.151/pics/wine_info/wine4_2012_shiraz/tamburlance_logo_white.png','100% Organically Certificated Shiraz','http://54.67.111.151/pics/wine_info/wine4_2012_shiraz/wine_4.png ',2012);
/*!40000 ALTER TABLE `wine_basic_info_english` ENABLE KEYS */;
UNLOCK TABLES;

--
-- Table structure for table `wine_price`
--

DROP TABLE IF EXISTS `wine_price`;
/*!40101 SET @saved_cs_client     = @@character_set_client */;
/*!40101 SET character_set_client = utf8 */;
CREATE TABLE `wine_price` (
  `wine_id` int(10) NOT NULL DEFAULT '0',
  `price` int(5) NOT NULL DEFAULT '0',
  `time_stamp` int(10) DEFAULT NULL,
  `currency_id` int(10) NOT NULL DEFAULT '1',
  KEY `wine_id` (`wine_id`)
) ENGINE=InnoDB DEFAULT CHARSET=latin1;
/*!40101 SET character_set_client = @saved_cs_client */;

--
-- Dumping data for table `wine_price`
--

LOCK TABLES `wine_price` WRITE;
/*!40000 ALTER TABLE `wine_price` DISABLE KEYS */;
INSERT INTO `wine_price` VALUES (1,3500,1468778848,1);
/*!40000 ALTER TABLE `wine_price` ENABLE KEYS */;
UNLOCK TABLES;

--
-- Table structure for table `wine_rating_info_chinese`
--

DROP TABLE IF EXISTS `wine_rating_info_chinese`;
/*!40101 SET @saved_cs_client     = @@character_set_client */;
/*!40101 SET character_set_client = utf8 */;
CREATE TABLE `wine_rating_info_chinese` (
  `wine_id` int(10) NOT NULL DEFAULT '0',
  `user_id` int(10) NOT NULL DEFAULT '0',
  `score` float NOT NULL DEFAULT '0',
  `review_content` text NOT NULL,
  `time_stamp` int(10) NOT NULL DEFAULT '0'
) ENGINE=InnoDB DEFAULT CHARSET=latin1;
/*!40101 SET character_set_client = @saved_cs_client */;

--
-- Dumping data for table `wine_rating_info_chinese`
--

LOCK TABLES `wine_rating_info_chinese` WRITE;
/*!40000 ALTER TABLE `wine_rating_info_chinese` DISABLE KEYS */;
/*!40000 ALTER TABLE `wine_rating_info_chinese` ENABLE KEYS */;
UNLOCK TABLES;

--
-- Table structure for table `wine_rating_review`
--

DROP TABLE IF EXISTS `wine_rating_review`;
/*!40101 SET @saved_cs_client     = @@character_set_client */;
/*!40101 SET character_set_client = utf8 */;
CREATE TABLE `wine_rating_review` (
  `wine_id` int(10) NOT NULL,
  `user_id` int(10) NOT NULL,
  `time_stamp` int(10) NOT NULL,
  `review_content` varchar(1000) DEFAULT NULL,
  PRIMARY KEY (`wine_id`,`user_id`,`time_stamp`)
) ENGINE=InnoDB DEFAULT CHARSET=latin1;
/*!40101 SET character_set_client = @saved_cs_client */;

--
-- Dumping data for table `wine_rating_review`
--

LOCK TABLES `wine_rating_review` WRITE;
/*!40000 ALTER TABLE `wine_rating_review` DISABLE KEYS */;
INSERT INTO `wine_rating_review` VALUES (1,1,1467407003,'Great wine, enjoy drinking it !'),(1,1,1469291190,'haha'),(1,1,1469291235,'haha'),(1,1,1469291474,'kkkk'),(1,1,1469291626,'kkkk'),(1,1,1469291859,'kkkk'),(1,1,1469292018,'kkkk'),(1,1,1469292301,'kkkk'),(1,2,1469422371,'ql test lllll'),(1,2,1469422428,'ql re_rate iiiiii'),(1,2,1469679799,'fffggccsdccxdf'),(1,2,1481439842,'lllllllllllllllllllllllllllllllllllllkllllllllllllllllllllllllll lonhlknhlodndxnxnxjzjzkjdjzjdsknzzndndfdndndjxjzjsjnzjzjznzdbnxjxbdnxjxjsbxbnxjzjsjshshbxbxjhxbbsjxbbshbxxbbxb n'),(1,3,1467307003,'Bad experience'),(1,4,1467403003,'Love this product !'),(2,2,1470635894,'first review by zzy'),(2,2,1471069656,'zhaoyuzhang reviewed'),(2,2,1471069812,'first review'),(2,2,1471070178,'taste good!'),(2,2,1471070364,'taste very good '),(2,2,1471133693,'testststsstss'),(2,2,1471133849,'testststsddd'),(2,2,1471134211,'yshshxbdbddn'),(2,2,1471134367,'3ndfffffffffff'),(2,2,1471836878,'zhaoyuzhang ddddd'),(2,2,1471836911,'bad bad bad bad '),(2,2,1471836927,'the only one that I can do '),(2,2,1471836939,'the following link and you '),(2,2,1471837037,'zhaoyuzhang the only one '),(2,2,1474764015,'teststststststs'),(2,2,1479546608,'new test....'),(2,2,1479546633,'goooodfffdddd'),(2,3,1470891262,'test11111111'),(2,3,1470891291,'tttttttttttt'),(2,16,1484210977,'Great wine : )'),(3,2,1470530640,'first reviewðŸ˜‚'),(3,2,1470624525,'2nd review !'),(3,2,1470624608,'3rdddddddddd'),(3,2,1470886831,'baddddddddd'),(3,2,1470982467,'hahahahahaha'),(3,2,1477113973,'this is a long review just to test if loooooooonnn'),(3,3,1475876793,'gg.uiiiii iiiiii'),(3,3,1481306994,'ttttttttttttt'),(3,3,1481306995,'ttttttttttttt'),(3,16,1482398201,'yesyesyesyes'),(3,16,1483853593,'test my rating'),(4,2,1470625056,'tfddffddfddd');
/*!40000 ALTER TABLE `wine_rating_review` ENABLE KEYS */;
UNLOCK TABLES;

--
-- Table structure for table `wine_rating_score`
--

DROP TABLE IF EXISTS `wine_rating_score`;
/*!40101 SET @saved_cs_client     = @@character_set_client */;
/*!40101 SET character_set_client = utf8 */;
CREATE TABLE `wine_rating_score` (
  `wine_id` int(10) NOT NULL,
  `user_id` int(10) NOT NULL,
  `time_stamp` int(10) NOT NULL,
  `score` float NOT NULL DEFAULT '0',
  PRIMARY KEY (`wine_id`,`user_id`,`time_stamp`)
) ENGINE=InnoDB DEFAULT CHARSET=latin1;
/*!40101 SET character_set_client = @saved_cs_client */;

--
-- Dumping data for table `wine_rating_score`
--

LOCK TABLES `wine_rating_score` WRITE;
/*!40000 ALTER TABLE `wine_rating_score` DISABLE KEYS */;
INSERT INTO `wine_rating_score` VALUES (0,2,1469421869,5),(1,1,1469292301,1.5),(1,2,1481439842,2.5),(1,3,1467387003,1),(2,2,1479546633,2.5),(2,3,1470891291,4),(2,16,1484210977,4),(3,2,1477113973,3.5),(3,3,1482356311,4),(3,16,1483853593,5),(3,34,1484367374,4.5),(4,2,1470625056,4);
/*!40000 ALTER TABLE `wine_rating_score` ENABLE KEYS */;
UNLOCK TABLES;

--
-- Table structure for table `wine_scan_history`
--

DROP TABLE IF EXISTS `wine_scan_history`;
/*!40101 SET @saved_cs_client     = @@character_set_client */;
/*!40101 SET character_set_client = utf8 */;
CREATE TABLE `wine_scan_history` (
  `wine_id` int(10) NOT NULL DEFAULT '0',
  `user_id` int(10) NOT NULL DEFAULT '0',
  `time_stamp` int(10) NOT NULL DEFAULT '0',
  `date` char(12) DEFAULT NULL,
  `time` char(6) DEFAULT NULL,
  `detailed_address` char(40) DEFAULT NULL,
  PRIMARY KEY (`user_id`,`time_stamp`),
  KEY `wine_id` (`wine_id`,`time_stamp`)
) ENGINE=MyISAM DEFAULT CHARSET=utf8;
/*!40101 SET character_set_client = @saved_cs_client */;

--
-- Dumping data for table `wine_scan_history`
--

LOCK TABLES `wine_scan_history` WRITE;
/*!40000 ALTER TABLE `wine_scan_history` DISABLE KEYS */;
INSERT INTO `wine_scan_history` VALUES (1,2,1473550006,NULL,NULL,NULL),(3,2,1473554185,NULL,NULL,NULL),(3,2,1473556910,NULL,NULL,NULL),(3,2,1473557106,NULL,NULL,NULL),(3,2,1473557194,NULL,NULL,NULL),(3,2,1473557211,NULL,NULL,NULL),(3,2,1473557261,NULL,NULL,NULL),(3,2,1473654280,NULL,NULL,NULL),(3,2,1473828612,NULL,NULL,NULL),(1,2,1473834464,NULL,NULL,NULL),(1,2,1473834496,NULL,NULL,NULL),(1,2,1473835954,NULL,NULL,NULL),(1,2,1473835957,NULL,NULL,NULL),(1,2,1473835959,NULL,NULL,NULL),(1,2,1473835983,NULL,NULL,NULL),(3,2,1473836059,NULL,NULL,NULL),(3,2,1473836088,NULL,NULL,NULL),(3,2,1473836212,NULL,NULL,NULL),(3,2,1473836220,NULL,NULL,NULL),(3,2,1473836224,NULL,NULL,NULL),(3,2,1473836270,NULL,NULL,NULL),(3,2,1473836307,NULL,NULL,NULL),(1,2,1473836393,NULL,NULL,NULL),(1,2,1473836486,NULL,NULL,NULL),(1,2,1473836537,NULL,NULL,NULL),(1,2,1473836552,NULL,NULL,NULL),(3,2,1473836737,NULL,NULL,NULL),(3,2,1473837141,NULL,NULL,NULL),(3,2,1473837212,NULL,NULL,NULL),(3,2,1473837255,NULL,NULL,NULL),(3,2,1473837302,NULL,NULL,NULL),(3,2,1473913287,NULL,NULL,NULL),(3,2,1473913312,NULL,NULL,NULL),(3,2,1473914057,NULL,NULL,NULL),(3,2,1473914062,NULL,NULL,NULL),(3,2,1473914113,NULL,NULL,NULL),(3,2,1473914177,NULL,NULL,NULL),(3,2,1473914182,NULL,NULL,NULL),(3,2,1473914312,NULL,NULL,NULL),(3,2,1473914507,NULL,NULL,NULL),(3,2,1473914897,NULL,NULL,NULL),(3,2,1473914942,NULL,NULL,NULL),(3,2,1473915259,NULL,NULL,NULL),(3,2,1473915408,NULL,NULL,NULL),(3,2,1473915758,NULL,NULL,NULL),(3,2,1473915817,NULL,NULL,NULL),(3,2,1473915850,NULL,NULL,NULL),(3,2,1473915855,NULL,NULL,NULL),(3,2,1473997391,NULL,NULL,NULL),(3,2,1473997402,NULL,NULL,NULL),(3,2,1473997464,NULL,NULL,NULL),(3,2,1473997843,NULL,NULL,NULL),(3,2,1473998018,NULL,NULL,NULL),(3,2,1473998080,NULL,NULL,NULL),(3,2,1473998161,NULL,NULL,NULL),(3,2,1473998229,NULL,NULL,NULL),(3,2,1473999368,NULL,NULL,NULL),(3,2,1474086886,NULL,NULL,NULL),(3,2,1474092803,NULL,NULL,NULL),(3,2,1474093050,NULL,NULL,NULL),(3,2,1474096872,NULL,NULL,NULL),(3,2,1474096892,NULL,NULL,NULL),(3,2,1474096895,NULL,NULL,NULL),(3,2,1474155109,NULL,NULL,NULL),(3,2,1474155118,NULL,NULL,NULL),(3,2,1474155134,NULL,NULL,NULL),(3,2,1474158581,NULL,NULL,NULL),(3,2,1474158667,NULL,NULL,NULL),(3,2,1474158731,NULL,NULL,NULL),(3,2,1474158795,NULL,NULL,NULL),(3,2,1474158825,NULL,NULL,NULL),(3,2,1474159287,NULL,NULL,NULL),(3,2,1474159329,NULL,NULL,NULL),(0,2,1474691769,NULL,NULL,NULL),(2,2,1474691973,NULL,NULL,NULL),(2,2,1474759893,NULL,NULL,NULL),(2,2,1474759923,NULL,NULL,NULL),(2,2,1474760040,NULL,NULL,NULL),(2,2,1474760049,NULL,NULL,NULL),(2,2,1474760074,NULL,NULL,NULL),(2,2,1474760216,NULL,NULL,NULL),(2,0,1474761367,NULL,NULL,NULL),(2,2,1474763162,NULL,NULL,NULL),(2,2,1474763973,NULL,NULL,NULL),(2,2,1474768616,NULL,NULL,NULL),(2,2,1474768618,NULL,NULL,NULL),(2,0,1475210029,NULL,NULL,NULL),(2,2,1475212709,NULL,NULL,NULL),(2,2,1475212718,NULL,NULL,NULL),(2,2,1475212725,NULL,NULL,NULL),(2,2,1475212733,NULL,NULL,NULL),(2,2,1475212753,NULL,NULL,NULL),(2,2,1475213232,NULL,NULL,NULL),(2,2,1475219109,NULL,NULL,NULL),(2,2,1475445229,NULL,NULL,NULL),(2,2,1475445514,NULL,NULL,NULL),(2,2,1475445709,NULL,NULL,NULL),(2,2,1475445997,NULL,NULL,NULL),(2,2,1475446132,NULL,NULL,NULL),(2,2,1475446296,NULL,NULL,NULL),(2,2,1475446433,NULL,NULL,NULL),(2,2,1475446483,NULL,NULL,NULL),(2,2,1475446524,NULL,NULL,NULL),(2,2,1475446582,NULL,NULL,NULL),(2,2,1475446737,NULL,NULL,NULL),(2,2,1475446830,NULL,NULL,NULL),(2,2,1475446875,NULL,NULL,NULL),(2,2,1475446923,NULL,NULL,NULL),(2,2,1475448189,NULL,NULL,NULL),(2,2,1475448478,NULL,NULL,NULL),(0,0,1476724376,NULL,NULL,NULL),(2,0,1476779126,NULL,NULL,NULL),(2,0,1476779159,NULL,NULL,NULL),(2,0,1476779195,NULL,NULL,NULL),(3,2,1481475205,NULL,NULL,''),(1,2,1481488825,NULL,NULL,'37.36517086, -122.02207645'),(3,2,1481488831,NULL,NULL,'37.36517086, -122.02207645'),(1,3,1481488865,NULL,NULL,'37.36517086, -122.02207645'),(3,3,1481488948,NULL,NULL,'37.36517086, -122.02207645'),(1,3,1481488953,NULL,NULL,'37.36517086, -122.02207645'),(2,3,1481488958,NULL,NULL,'37.36517086, -122.02207645'),(1,3,1481489347,NULL,NULL,'37.36517086, -122.02207645'),(1,3,1481489455,NULL,NULL,'37.36517086, -122.02207645'),(1,3,1481489486,NULL,NULL,'37.36517086, -122.02207645'),(1,3,1481489506,NULL,NULL,'37.36517086, -122.02207645'),(1,3,1481489516,NULL,NULL,'37.36517086, -122.02207645'),(1,3,1481489556,NULL,NULL,'37.36517086, -122.02207645'),(2,3,1481489661,NULL,NULL,'37.36517086, -122.02207645'),(2,3,1481489664,NULL,NULL,'37.36517086, -122.02207645'),(2,3,1481489668,NULL,NULL,'37.36517086, -122.02207645'),(2,3,1481489694,NULL,NULL,'37.36517086, -122.02207645'),(3,3,1481490045,NULL,NULL,'37.36517086, -122.02207645'),(3,3,1481490052,NULL,NULL,'37.36517086, -122.02207645'),(3,12,1481615086,NULL,NULL,'0.0, 0.0'),(3,12,1481615090,NULL,NULL,'0.0, 0.0'),(1,12,1481615375,NULL,NULL,'-32.781095, 151.348768'),(1,12,1481615446,NULL,NULL,'-32.781095, 151.348768'),(1,3,1481616213,NULL,NULL,'-32.781095, 151.348768'),(1,3,1481616228,NULL,NULL,'-32.781095, 151.348768'),(1,3,1481670624,NULL,NULL,'-32.783266, 151.348832'),(1,3,1481670684,NULL,NULL,'-32.783266, 151.348832'),(3,3,1481680044,NULL,NULL,'-32.779867, 151.301269'),(3,3,1481680132,NULL,NULL,'-32.779867, 151.301269'),(3,3,1481680139,NULL,NULL,'-32.779867, 151.301269'),(3,3,1481681190,NULL,NULL,'-32.779867, 151.301269'),(3,3,1481681678,NULL,NULL,'-32.779867, 151.301269'),(3,3,1481681855,NULL,NULL,'-32.779867, 151.301269'),(3,3,1481780458,NULL,NULL,'-32.769705, 151.306757'),(2,3,1481780547,NULL,NULL,'-32.761834, 151.285251'),(2,3,1481780550,NULL,NULL,'-32.774211, 151.302775'),(3,3,1481944765,NULL,NULL,'-33.872492, 151.203105'),(2,3,1482090851,NULL,NULL,'37.3652127, -122.0219886'),(3,3,1482101459,NULL,NULL,'34.039484, -118.442415'),(3,3,1482102245,NULL,NULL,'34.039484, -118.442415'),(3,3,1482102264,NULL,NULL,'34.039484, -118.442415'),(3,3,1482102381,NULL,NULL,'34.039484, -118.442415'),(3,3,1482102588,NULL,NULL,'34.039484, -118.442415'),(3,3,1482102614,NULL,NULL,'34.039484, -118.442415'),(2,3,1482356390,NULL,NULL,'33.995369, -118.476662'),(3,3,1482357136,NULL,NULL,'33.995369, -118.476662'),(3,16,1482398102,NULL,NULL,'33.980489, -118.415105'),(3,16,1482398293,NULL,NULL,'33.980489, -118.415105'),(3,16,1482398634,NULL,NULL,'33.980489, -118.415105'),(2,3,1482640654,NULL,NULL,'37.36524306, -122.02202154'),(1,3,1482641114,NULL,NULL,'37.36524306, -122.02202154'),(1,3,1482723841,NULL,NULL,'37.36515154, -122.02197367'),(1,3,1482728213,NULL,NULL,'37.36515154, -122.02197367'),(1,3,1482734045,NULL,NULL,'37.36512837, -122.02201544'),(1,3,1482734127,NULL,NULL,'37.36512837, -122.02201544'),(1,3,1482734165,NULL,NULL,'37.36512837, -122.02201544'),(1,3,1482734206,NULL,NULL,'37.36512837, -122.02201544'),(1,3,1482734243,NULL,NULL,'37.36512837, -122.02201544'),(1,3,1482734839,NULL,NULL,'37.36512837, -122.02201544'),(2,3,1482792152,NULL,NULL,'37.36503684, -122.0220658'),(3,2,1482794553,NULL,NULL,''),(1,3,1482799491,NULL,NULL,'37.36503684, -122.0220658'),(1,3,1482799602,NULL,NULL,'37.36503684, -122.0220658'),(1,3,1482799696,NULL,NULL,'37.36503684, -122.0220658'),(1,3,1482799921,NULL,NULL,'37.36503684, -122.0220658'),(1,3,1482800330,NULL,NULL,'37.36503684, -122.0220658'),(1,3,1482800459,NULL,NULL,'37.36503684, -122.0220658'),(1,3,1482800563,NULL,NULL,'37.36503684, -122.0220658'),(1,3,1482801355,NULL,NULL,'37.36503684, -122.0220658'),(1,3,1482801414,NULL,NULL,'37.36503684, -122.0220658'),(1,3,1482802968,NULL,NULL,'37.36520686, -122.02201106'),(2,3,1483140210,NULL,NULL,'37.36520262, -122.02195041'),(2,3,1483143784,NULL,NULL,'37.36520262, -122.02195041'),(2,3,1483227745,NULL,NULL,'37.36520748, -122.02194801'),(1,3,1483395250,NULL,NULL,'37.36516617, -122.02194265'),(1,3,1483395411,NULL,NULL,'37.36516617, -122.02194265'),(1,3,1483395815,NULL,NULL,'37.36516617, -122.02194265'),(1,3,1483396179,NULL,NULL,'37.36516617, -122.02194265'),(1,3,1483396185,NULL,NULL,'37.36516617, -122.02194265'),(1,3,1483396316,NULL,NULL,'37.36516617, -122.02194265'),(1,3,1483397308,NULL,NULL,'37.36516617, -122.02194265'),(1,3,1483397957,NULL,NULL,'37.36516617, -122.02194265'),(1,3,1483398130,NULL,NULL,'37.36516617, -122.02194265'),(1,3,1483398383,NULL,NULL,'37.36516617, -122.02194265'),(1,3,1483403477,NULL,NULL,'37.36528244, -122.0220254'),(3,3,1483421187,NULL,NULL,'0.0, 0.0'),(1,3,1483421273,NULL,NULL,'0.0, 0.0'),(3,3,1483421281,NULL,NULL,'0.0, 0.0'),(3,3,1483421934,NULL,NULL,'0.0, 0.0'),(1,3,1483422285,NULL,NULL,'0.0, 0.0'),(3,3,1483423780,NULL,NULL,'0.0, 0.0'),(3,3,1483423943,NULL,NULL,'0.0, 0.0'),(3,3,1483424104,NULL,NULL,'0.0, 0.0'),(1,3,1483596126,NULL,NULL,'37.3651377, -122.0219886'),(1,3,1483596222,NULL,NULL,'37.3651377, -122.0219886'),(1,3,1483596725,NULL,NULL,'37.3651377, -122.0219886'),(1,3,1483597036,NULL,NULL,'37.3651377, -122.0219886'),(2,3,1483759480,NULL,NULL,'37.41496927, -121.97885425'),(1,3,1483759519,NULL,NULL,'37.41496927, -121.97885425'),(2,3,1483848683,NULL,NULL,'0.0, 0.0'),(3,18,1483850420,NULL,NULL,'0.0, 0.0'),(2,18,1483850466,NULL,NULL,'0.0, 0.0'),(1,3,1483853721,NULL,NULL,'37.36511308, -122.02216704'),(1,3,1483853934,NULL,NULL,'37.36511308, -122.02216704'),(1,3,1483854036,NULL,NULL,'37.36511308, -122.02216704'),(1,3,1483854430,NULL,NULL,'37.36511308, -122.02216704'),(1,3,1483854512,NULL,NULL,'37.36511308, -122.02216704'),(1,3,1483854924,NULL,NULL,'37.36511308, -122.02216704'),(1,3,1483856671,NULL,NULL,'37.36511308, -122.02216704'),(1,3,1483857451,NULL,NULL,'37.36511308, -122.02216704'),(1,3,1483857507,NULL,NULL,'37.36511308, -122.02216704'),(1,3,1483860461,NULL,NULL,'37.36511308, -122.02216704'),(1,3,1483860474,NULL,NULL,'37.36511308, -122.02216704'),(1,3,1483860584,NULL,NULL,'37.36511308, -122.02216704'),(1,3,1483860703,NULL,NULL,'37.36511308, -122.02216704'),(1,3,1483860819,NULL,NULL,'37.36511308, -122.02216704'),(1,3,1483860899,NULL,NULL,'37.36511308, -122.02216704'),(1,3,1483860990,NULL,NULL,'37.36511308, -122.02216704'),(1,3,1483861143,NULL,NULL,'37.36511308, -122.02216704'),(1,3,1483862023,NULL,NULL,'37.36511308, -122.02216704'),(1,3,1483862557,NULL,NULL,'37.36511308, -122.02216704'),(1,3,1483863448,NULL,NULL,'37.36511308, -122.02216704'),(1,3,1483863591,NULL,NULL,'37.36511308, -122.02216704'),(1,3,1483863746,NULL,NULL,'37.36511308, -122.02216704'),(1,3,1483863944,NULL,NULL,'37.36511308, -122.02216704'),(1,3,1483864654,NULL,NULL,'37.36511308, -122.02216704'),(1,3,1483866630,NULL,NULL,'37.36511308, -122.02216704'),(1,3,1483870371,NULL,NULL,'37.3651377, -122.0219886'),(3,2,1483902120,NULL,NULL,''),(3,2,1483902359,NULL,NULL,''),(1,3,1483908276,NULL,NULL,'37.36511883, -122.02193243'),(1,3,1483916408,NULL,NULL,'37.36511883, -122.02193243'),(1,9,1484124960,NULL,NULL,'0.0, 0.0'),(1,9,1484125258,NULL,NULL,'0.0, 0.0'),(1,9,1484125274,NULL,NULL,'0.0, 0.0'),(1,9,1484125283,NULL,NULL,'0.0, 0.0'),(1,9,1484126128,NULL,NULL,'22.536033999999997, 114.02180199999998'),(2,2,1484197238,NULL,NULL,'0.0, 0.0'),(1,2,1484197259,NULL,NULL,'0.0, 0.0'),(1,2,1484197267,NULL,NULL,'0.0, 0.0'),(1,2,1484197287,NULL,NULL,'0.0, 0.0'),(1,2,1484197324,NULL,NULL,'0.0, 0.0'),(1,2,1484197381,NULL,NULL,'0.0, 0.0'),(1,2,1484197402,NULL,NULL,'0.0, 0.0'),(1,2,1484197438,NULL,NULL,'0.0, 0.0'),(1,2,1484197446,NULL,NULL,'0.0, 0.0'),(1,2,1484197454,NULL,NULL,'0.0, 0.0'),(1,2,1484197461,NULL,NULL,'0.0, 0.0'),(3,34,1484208510,NULL,NULL,'0.0, 0.0'),(2,16,1484208976,NULL,NULL,'0.0, 0.0'),(3,16,1484208990,NULL,NULL,'0.0, 0.0'),(3,16,1484209010,NULL,NULL,'0.0, 0.0'),(2,16,1484209069,NULL,NULL,'0.0, 0.0'),(3,16,1484209250,NULL,NULL,'0.0, 0.0'),(1,16,1484209261,NULL,NULL,'0.0, 0.0'),(2,16,1484209266,NULL,NULL,'0.0, 0.0'),(3,16,1484209270,NULL,NULL,'0.0, 0.0'),(1,16,1484209275,NULL,NULL,'0.0, 0.0'),(1,16,1484209282,NULL,NULL,'0.0, 0.0'),(1,16,1484209286,NULL,NULL,'0.0, 0.0'),(1,16,1484209291,NULL,NULL,'0.0, 0.0'),(3,16,1484209301,NULL,NULL,'0.0, 0.0'),(2,16,1484209308,NULL,NULL,'0.0, 0.0'),(2,16,1484209315,NULL,NULL,'0.0, 0.0'),(2,16,1484209321,NULL,NULL,'0.0, 0.0'),(2,16,1484209327,NULL,NULL,'0.0, 0.0'),(2,16,1484209332,NULL,NULL,'0.0, 0.0'),(1,16,1484209338,NULL,NULL,'0.0, 0.0'),(3,16,1484209344,NULL,NULL,'0.0, 0.0'),(1,16,1484209350,NULL,NULL,'0.0, 0.0'),(3,16,1484209360,NULL,NULL,'0.0, 0.0'),(3,16,1484209366,NULL,NULL,'0.0, 0.0'),(2,16,1484209370,NULL,NULL,'0.0, 0.0'),(1,9,1484209855,NULL,NULL,'22.536044, 114.02181099999999'),(1,9,1484209885,NULL,NULL,'22.536044, 114.02181099999999'),(2,38,1484297166,NULL,NULL,'33.980452, -118.415102'),(3,38,1484297180,NULL,NULL,'33.980452, -118.415102'),(1,38,1484297186,NULL,NULL,'33.980452, -118.415102'),(2,38,1484297191,NULL,NULL,'33.980452, -118.415102'),(1,2,1484379792,NULL,NULL,'0.0, 0.0'),(1,2,1484380249,NULL,NULL,'0.0, 0.0'),(1,2,1484381676,NULL,NULL,'0.0, 0.0'),(2,2,1484381692,NULL,NULL,'0.0, 0.0'),(2,2,1484381710,NULL,NULL,'0.0, 0.0'),(2,2,1484381728,NULL,NULL,'0.0, 0.0'),(2,2,1484381799,NULL,NULL,'0.0, 0.0'),(2,2,1484381815,NULL,NULL,'0.0, 0.0'),(2,2,1484381823,NULL,NULL,'0.0, 0.0'),(2,2,1484381835,NULL,NULL,'0.0, 0.0'),(1,2,1484381986,NULL,NULL,'0.0, 0.0'),(1,2,1484382007,NULL,NULL,'0.0, 0.0');
/*!40000 ALTER TABLE `wine_scan_history` ENABLE KEYS */;
UNLOCK TABLES;

--
-- Table structure for table `wine_wishlist`
--

DROP TABLE IF EXISTS `wine_wishlist`;
/*!40101 SET @saved_cs_client     = @@character_set_client */;
/*!40101 SET character_set_client = utf8 */;
CREATE TABLE `wine_wishlist` (
  `wine_id` int(11) NOT NULL,
  `user_id` int(11) NOT NULL,
  `time_stamp` timestamp NOT NULL DEFAULT CURRENT_TIMESTAMP ON UPDATE CURRENT_TIMESTAMP,
  `enabled` tinyint(1) NOT NULL
) ENGINE=InnoDB DEFAULT CHARSET=utf8;
/*!40101 SET character_set_client = @saved_cs_client */;

--
-- Dumping data for table `wine_wishlist`
--

LOCK TABLES `wine_wishlist` WRITE;
/*!40000 ALTER TABLE `wine_wishlist` DISABLE KEYS */;
INSERT INTO `wine_wishlist` VALUES (3,16,'2017-01-12 08:46:35',1),(1,3,'2017-01-07 13:53:21',0),(3,3,'2017-01-08 20:43:51',1),(2,3,'2017-01-10 04:47:39',0),(4,3,'2017-01-07 13:53:11',1),(3,18,'2017-01-08 08:16:03',1),(2,18,'2017-01-08 08:16:10',1),(2,16,'2017-01-12 08:48:39',1),(4,16,'2017-01-12 08:50:55',0),(1,16,'2017-01-12 08:48:59',1),(1,2,'2017-01-12 23:20:53',1);
/*!40000 ALTER TABLE `wine_wishlist` ENABLE KEYS */;
UNLOCK TABLES;

--
-- Table structure for table `winery_info_Chinese`
--

DROP TABLE IF EXISTS `winery_info_Chinese`;
/*!40101 SET @saved_cs_client     = @@character_set_client */;
/*!40101 SET character_set_client = utf8 */;
CREATE TABLE `winery_info_Chinese` (
  `id` int(10) unsigned NOT NULL AUTO_INCREMENT,
  `winery_id` int(11) NOT NULL,
  `winery_name` varchar(100) NOT NULL,
  `winery_gallery_id` int(11) DEFAULT NULL,
  `winery_content_id` int(11) DEFAULT NULL,
  `time_created` int(11) DEFAULT '0',
  `time_updated` int(11) DEFAULT '0',
  PRIMARY KEY (`id`),
  KEY `winery_id` (`winery_id`),
  KEY `winery_name` (`winery_name`)
) ENGINE=InnoDB AUTO_INCREMENT=2 DEFAULT CHARSET=utf8;
/*!40101 SET character_set_client = @saved_cs_client */;

--
-- Dumping data for table `winery_info_Chinese`
--

LOCK TABLES `winery_info_Chinese` WRITE;
/*!40000 ALTER TABLE `winery_info_Chinese` DISABLE KEYS */;
INSERT INTO `winery_info_Chinese` VALUES (1,1,'帖木儿',1,1,0,0);
/*!40000 ALTER TABLE `winery_info_Chinese` ENABLE KEYS */;
UNLOCK TABLES;

--
-- Table structure for table `winery_info_English`
--

DROP TABLE IF EXISTS `winery_info_English`;
/*!40101 SET @saved_cs_client     = @@character_set_client */;
/*!40101 SET character_set_client = utf8 */;
CREATE TABLE `winery_info_English` (
  `id` int(10) unsigned NOT NULL AUTO_INCREMENT,
  `winery_id` int(11) NOT NULL,
  `winery_name` varchar(100) NOT NULL,
  `winery_gallery_id` int(11) DEFAULT NULL,
  `winery_content_id` int(11) DEFAULT NULL,
  `time_created` int(11) DEFAULT '0',
  `time_updated` int(11) DEFAULT '0',
  PRIMARY KEY (`id`),
  KEY `winery_id` (`winery_id`),
  KEY `winery_name` (`winery_name`)
) ENGINE=InnoDB AUTO_INCREMENT=2 DEFAULT CHARSET=utf8;
/*!40101 SET character_set_client = @saved_cs_client */;

--
-- Dumping data for table `winery_info_English`
--

LOCK TABLES `winery_info_English` WRITE;
/*!40000 ALTER TABLE `winery_info_English` DISABLE KEYS */;
INSERT INTO `winery_info_English` VALUES (1,1,'Tamburlaine',1,1,0,0);
/*!40000 ALTER TABLE `winery_info_English` ENABLE KEYS */;
UNLOCK TABLES;
/*!40103 SET TIME_ZONE=@OLD_TIME_ZONE */;

/*!40101 SET SQL_MODE=@OLD_SQL_MODE */;
/*!40014 SET FOREIGN_KEY_CHECKS=@OLD_FOREIGN_KEY_CHECKS */;
/*!40014 SET UNIQUE_CHECKS=@OLD_UNIQUE_CHECKS */;
/*!40101 SET CHARACTER_SET_CLIENT=@OLD_CHARACTER_SET_CLIENT */;
/*!40101 SET CHARACTER_SET_RESULTS=@OLD_CHARACTER_SET_RESULTS */;
/*!40101 SET COLLATION_CONNECTION=@OLD_COLLATION_CONNECTION */;
/*!40111 SET SQL_NOTES=@OLD_SQL_NOTES */;

-- Dump completed on 2017-01-14  8:21:59
